Date,Open,High,Low,Close,Adj Close,Volume
2008-01-01,6418.600098,6462.799805,6408.399902,6434.100098,6434.100098,365493500.0
2008-01-02,6422.700195,6422.700195,6335.799805,6372.600098,6372.600098,511702600.0
2008-01-03,6387.700195,6421.200195,6355.0,6385.399902,6385.399902,627840800.0
2008-01-06,6357.799805,6357.799805,6227.700195,6240.399902,6240.399902,692737000.0
2008-01-07,6233.200195,6259.700195,6195.299805,6205.700195,6205.700195,772191800.0
2008-01-08,6193.399902,6193.399902,6111.100098,6159.5,6159.5,831426400.0
2008-01-09,6160.200195,6176.299805,6121.200195,6147.299805,6147.299805,945102900.0
2008-01-10,6154.600098,6164.299805,6054.399902,6054.399902,6054.399902,775853500.0
2008-01-13,6040.600098,6073.299805,5970.600098,6040.899902,6040.899902,780197800.0
2008-01-14,6041.600098,6102.100098,6005.700195,6019.799805,6019.799805,1087166200.0
2008-01-15,6003.600098,6019.799805,5848.299805,5870.799805,5870.799805,1154147000.0
2008-01-16,5877.899902,5904.299805,5847.899902,5857.0,5857.0,1015367300.0
2008-01-17,5803.0,5811.399902,5680.700195,5799.399902,5799.399902,1053399000.0
2008-01-20,5789.299805,5790.200195,5630.899902,5630.899902,5630.899902,884125900.0
2008-01-21,5569.100098,5569.100098,5222.0,5222.0,5222.0,1709112600.0
2008-01-22,5264.200195,5567.600098,5264.200195,5445.600098,5445.600098,1566250400.0
2008-01-23,5480.899902,5605.799805,5479.100098,5605.799805,5605.799805,1250673900.0
2008-01-24,5631.600098,5886.299805,5631.600098,5886.299805,5886.299805,1306141200.0
2008-01-28,5887.899902,5887.899902,5737.299805,5754.5,5754.5,1147654800.0
2008-01-29,5780.700195,5871.399902,5661.0,5665.299805,5665.299805,953929700.0
2008-01-30,5656.600098,5697.0,5507.0,5697.0,5697.0,1110780800.0
2008-01-31,5717.200195,5887.600098,5714.200195,5882.299805,5882.299805,890030700.0
2008-02-03,5893.700195,6057.799805,5886.299805,5921.700195,5921.700195,865578100.0
2008-02-04,5921.200195,5938.399902,5845.200195,5852.100098,5852.100098,761764900.0
2008-02-05,5830.100098,5830.5,5677.600098,5677.600098,5677.600098,889175500.0
2008-02-06,5675.799805,5682.0,5585.799805,5668.299805,5668.299805,834276400.0
2008-02-07,5679.0,5767.200195,5677.399902,5723.899902,5723.899902,652258100.0
2008-02-10,5728.200195,5729.5,5584.399902,5603.100098,5603.100098,679031500.0
2008-02-11,5616.399902,5679.100098,5583.399902,5669.399902,5669.399902,885863400.0
2008-02-12,5680.100098,5718.899902,5615.299805,5615.299805,5615.299805,933966400.0
2008-02-13,5636.200195,5752.399902,5635.899902,5748.200195,5748.200195,1042708100.0
2008-02-14,5725.299805,5725.299805,5619.600098,5679.799805,5679.799805,859466700.0
2008-02-17,5679.899902,5679.899902,5627.399902,5634.0,5634.0,824056600.0
2008-02-18,5655.899902,5719.799805,5655.0,5688.600098,5688.600098,877851600.0
2008-02-19,5693.100098,5701.299805,5577.299805,5577.299805,5577.299805,911200300.0
2008-02-20,5597.399902,5678.600098,5583.799805,5663.0,5663.0,1008569600.0
2008-02-21,5655.700195,5660.600098,5578.899902,5644.5,5644.5,906304600.0
2008-02-24,5655.100098,5718.5,5652.600098,5699.799805,5699.799805,782779400.0
2008-02-25,5706.200195,5769.600098,5705.700195,5745.799805,5745.799805,1078941200.0
2008-02-26,5760.5,5845.799805,5760.5,5842.5,5842.5,987247300.0
2008-02-27,5835.799805,5835.799805,5712.299805,5746.100098,5746.100098,1058419300.0
2008-02-28,5742.200195,5743.200195,5619.600098,5674.700195,5674.700195,1220863600.0
2008-03-02,5639.299805,5640.0,5499.799805,5510.700195,5510.700195,905912000.0
2008-03-03,5515.100098,5541.899902,5451.0,5479.200195,5479.200195,1140409200.0
2008-03-04,5488.799805,5548.600098,5443.0,5471.600098,5471.600098,1440783800.0
2008-03-05,5491.700195,5549.200195,5469.100098,5531.899902,5531.899902,1141210000.0
2008-03-06,5511.299805,5511.299805,5345.799805,5368.899902,5368.899902,1065038000.0
2008-03-09,5344.100098,5344.100098,5245.0,5275.700195,5275.700195,906337300.0
2008-03-10,5241.399902,5242.799805,5164.200195,5211.100098,5211.100098,1208745200.0
2008-03-11,5262.5,5441.899902,5262.5,5334.100098,5334.100098,1177996600.0
2008-03-12,5336.299805,5339.399902,5205.799805,5215.700195,5215.700195,884822000.0
2008-03-13,5234.899902,5297.899902,5234.399902,5288.5,5288.5,806249200.0
2008-03-16,5265.0,5265.5,5130.100098,5173.200195,5173.200195,852480600.0
2008-03-17,5158.799805,5193.799805,5145.100098,5163.799805,5163.799805,997191000.0
2008-03-18,5207.600098,5349.200195,5207.600098,5349.200195,5349.200195,1170510800.0
2008-03-19,5303.299805,5307.5,5182.399902,5182.399902,5182.399902,2046957000.0
2008-03-24,5219.299805,5384.299805,5219.299805,5355.700195,5355.700195,1150994300.0
2008-03-25,5363.100098,5431.0,5361.700195,5421.299805,5421.299805,970395600.0
2008-03-26,5413.600098,5420.899902,5385.299805,5418.5,5418.5,1008640500.0
2008-03-27,5418.5,5418.5,5332.600098,5401.200195,5401.200195,1387759600.0
2008-03-30,5396.299805,5424.299805,5370.0,5409.700195,5409.700195,1014144700.0
2008-03-31,5416.100098,5425.0,5359.299805,5414.5,5414.5,850156900.0
2008-04-01,5445.0,5567.399902,5444.100098,5544.899902,5544.899902,1267228000.0
2008-04-02,5554.0,5645.799805,5553.399902,5645.799805,5645.799805,1109769300.0
2008-04-03,5645.799805,5697.0,5635.700195,5663.700195,5663.700195,13011400.0
2008-04-07,5683.700195,5692.600098,5661.399902,5684.100098,5684.100098,906250200.0
2008-04-08,5684.600098,5691.299805,5619.700195,5634.399902,5634.399902,1004179600.0
2008-04-09,5663.200195,5670.200195,5574.700195,5583.5,5583.5,771705000.0
2008-04-10,5576.700195,5577.200195,5505.299805,5515.5,5515.5,806596300.0
2008-04-11,5511.600098,5522.100098,5457.799805,5505.200195,5505.200195,810739600.0
2008-04-14,5478.100098,5478.899902,5380.5,5410.899902,5410.899902,700308000.0
2008-04-15,5408.799805,5484.100098,5407.899902,5465.899902,5465.899902,793238700.0
2008-04-16,5488.100098,5543.200195,5487.299805,5534.600098,5534.600098,832474200.0
2008-04-17,5574.200195,5630.5,5568.0,5587.299805,5587.299805,919146000.0
2008-04-18,5575.700195,5587.299805,5471.5,5504.100098,5504.100098,685937900.0
2008-04-21,5531.100098,5666.399902,5531.100098,5664.200195,5664.200195,854135800.0
2008-04-22,5661.5,5661.5,5594.100098,5628.399902,5628.399902,698299300.0
2008-04-23,5627.899902,5712.100098,5627.899902,5711.399902,5711.399902,933765300.0
2008-04-24,5698.5,5699.700195,5625.299805,5658.700195,5658.700195,1017309000.0
2008-04-28,5668.600098,5735.799805,5643.100098,5670.299805,5670.299805,814710900.0
2008-04-29,5678.600098,5691.600098,5645.5,5672.600098,5672.600098,822181300.0
2008-04-30,5646.399902,5678.5,5590.100098,5657.0,5657.0,1136975500.0
2008-05-01,5654.200195,5655.399902,5605.100098,5652.700195,5652.700195,859398100.0
2008-05-02,5668.0,5760.399902,5665.0,5760.399902,5760.399902,920524800.0
2008-05-05,5785.600098,5815.0,5781.799805,5797.700195,5797.700195,760264500.0
2008-05-06,5801.399902,5801.5,5754.600098,5777.899902,5777.899902,783621900.0
2008-05-07,5798.700195,5824.100098,5746.0,5757.799805,5757.799805,1084815600.0
2008-05-08,5725.299805,5811.600098,5682.600098,5800.899902,5800.899902,1002615600.0
2008-05-09,5803.700195,5882.799805,5802.799805,5844.399902,5844.399902,836364700.0
2008-05-12,5846.5,5910.600098,5846.5,5894.100098,5894.100098,706525100.0
2008-05-13,5894.299805,5908.0,5863.899902,5883.200195,5883.200195,860582600.0
2008-05-14,5892.299805,5954.799805,5881.899902,5940.299805,5940.299805,928006300.0
2008-05-15,5941.700195,5985.5,5934.299805,5964.899902,5964.899902,1193855700.0
2008-05-16,5999.0,6040.799805,5993.299805,6006.100098,6006.100098,907804200.0
2008-05-19,6022.799805,6059.5,6019.0,6035.0,6035.0,885151700.0
2008-05-20,6031.200195,6031.899902,5979.899902,5994.899902,5994.899902,845064000.0
2008-05-21,5959.899902,5959.899902,5903.399902,5916.399902,5916.399902,918368800.0
2008-05-22,5895.0,5954.100098,5836.299805,5920.0,5920.0,1081787600.0
2008-05-23,5924.600098,5933.299805,5854.600098,5866.200195,5866.200195,1117929100.0
2008-05-26,5845.899902,5848.100098,5800.200195,5807.5,5807.5,784611200.0
2008-05-27,5807.399902,5837.5,5807.399902,5818.399902,5818.399902,780307500.0
2008-05-28,5814.600098,5824.200195,5736.200195,5754.5,5754.5,1059445500.0
2008-05-29,5766.399902,5822.5,5766.0,5817.200195,5817.200195,1173575100.0
2008-05-30,5803.100098,5803.100098,5757.100098,5773.899902,5773.899902,1672287400.0
2008-06-02,5774.0,5800.5,5721.399902,5781.200195,5781.200195,880052000.0
2008-06-03,5785.600098,5785.600098,5698.5,5703.0,5703.0,1041112500.0
2008-06-04,5699.399902,5740.0,5675.700195,5698.200195,5698.200195,1070290900.0
2008-06-05,5685.5,5688.0,5620.399902,5633.799805,5633.799805,948337600.0
2008-06-06,5633.899902,5721.399902,5633.899902,5691.200195,5691.200195,1026732700.0
2008-06-10,5673.799805,5673.799805,5544.299805,5544.299805,5544.299805,1107316100.0
2008-06-11,5542.200195,5562.200195,5499.600098,5561.899902,5561.899902,1141075600.0
2008-06-12,5547.299805,5547.299805,5428.200195,5433.200195,5433.200195,1108704900.0
2008-06-13,5450.0,5479.600098,5399.0,5479.600098,5479.600098,1115374800.0
2008-06-16,5489.899902,5508.0,5461.700195,5476.299805,5476.299805,844803900.0
2008-06-17,5487.5,5525.899902,5420.700195,5525.899902,5525.899902,1150061100.0
2008-06-18,5522.700195,5550.899902,5491.600098,5550.299805,5550.299805,1267450100.0
2008-06-19,5540.600098,5541.0,5484.299805,5484.299805,5484.299805,1691831800.0
2008-06-20,5484.399902,5490.799805,5399.200195,5411.799805,5411.799805,1439046000.0
2008-06-23,5391.5,5416.700195,5337.100098,5408.899902,5408.899902,1111502800.0
2008-06-24,5411.0,5422.799805,5373.600098,5418.799805,5418.799805,1151886700.0
2008-06-25,5397.799805,5410.200195,5342.100098,5363.100098,5363.100098,1217032300.0
2008-06-26,5369.100098,5451.399902,5368.5,5421.5,5421.5,1362231900.0
2008-06-27,5379.200195,5379.200195,5266.299805,5349.399902,5349.399902,1437729400.0
2008-06-30,5364.200195,5416.100098,5328.399902,5332.899902,5332.899902,1353210000.0
2008-07-01,5345.799805,5351.399902,5261.100098,5261.100098,5261.100098,891126200.0
2008-07-02,5246.899902,5247.399902,5187.399902,5211.600098,5211.600098,1079069400.0
2008-07-03,5170.0,5170.0,5069.399902,5094.0,5094.0,1059779000.0
2008-07-04,5100.100098,5170.0,5100.100098,5170.0,5170.0,874620900.0
2008-07-07,5159.0,5161.200195,5066.700195,5091.700195,5091.700195,723789000.0
2008-07-08,5092.100098,5115.0,5020.899902,5022.399902,5022.399902,941417900.0
2008-07-09,5039.200195,5114.5,5039.200195,5089.399902,5089.399902,1031895100.0
2008-07-10,5065.399902,5067.0,4999.0,5020.5,5020.5,998042200.0
2008-07-11,5036.299805,5074.100098,5023.700195,5067.799805,5067.799805,859108800.0
2008-07-14,5059.0,5059.0,4995.399902,5007.899902,5007.899902,798553600.0
2008-07-15,5005.5,5005.5,4889.600098,4910.100098,4910.100098,950175400.0
2008-07-16,4891.200195,4961.200195,4880.0,4947.5,4947.5,1107716800.0
2008-07-17,4949.299805,5003.200195,4941.899902,4977.399902,4977.399902,966700200.0
2008-07-18,4977.5,4983.600098,4901.899902,4915.299805,4915.299805,863446000.0
2008-07-21,4937.100098,5075.399902,4932.799805,5075.399902,5075.399902,943928400.0
2008-07-22,5072.399902,5077.700195,5022.600098,5075.899902,5075.899902,900389300.0
2008-07-23,5083.799805,5209.600098,5075.600098,5161.600098,5161.600098,1095843600.0
2008-07-24,5155.5,5201.600098,5148.399902,5188.399902,5188.399902,967457400.0
2008-07-25,5190.5,5190.5,5003.200195,5028.899902,5028.899902,994519000.0
2008-07-28,5020.5,5032.200195,4957.5,4989.899902,4989.899902,794836500.0
2008-07-29,4981.100098,4984.200195,4896.200195,4923.299805,4923.299805,789793900.0
2008-07-30,4942.899902,5025.0,4930.600098,5008.700195,5008.700195,727609200.0
2008-07-31,5028.399902,5083.200195,5027.799805,5052.600098,5052.600098,1048406000.0
2008-08-01,5047.399902,5047.399902,4947.200195,4978.0,4978.0,718362100.0
2008-08-04,4960.600098,5006.299805,4955.899902,4957.600098,4957.600098,582928400.0
2008-08-05,4925.0,5235.799805,4829.200195,4882.0,4882.0,1056463400.0
2008-08-06,4905.299805,5028.5,4905.299805,5018.100098,5018.100098,1070554600.0
2008-08-07,5025.899902,5055.0,4991.5,5030.0,5030.0,1015975000.0
2008-08-08,5017.200195,5040.899902,4964.799805,5037.600098,5037.600098,903996500.0
2008-08-11,5044.100098,5096.200195,5043.299805,5069.299805,5069.299805,764312400.0
2008-08-12,5064.899902,5106.200195,5049.600098,5090.299805,5090.299805,908849600.0
2008-08-13,5073.200195,5074.0,4973.299805,4995.899902,4995.899902,884336800.0
2008-08-14,5014.5,5111.200195,5012.399902,5039.0,5039.0,1067225200.0
2008-08-15,5032.100098,5054.899902,5009.700195,5038.899902,5038.899902,841307900.0
2008-08-18,5036.299805,5087.799805,4994.0,5043.5,5043.5,685297500.0
2008-08-19,5024.700195,5025.299805,4930.399902,4930.399902,4930.399902,854405400.0
2008-08-20,4940.700195,4997.5,4938.5,4997.5,4997.5,994588400.0
2008-08-21,5009.799805,5010.200195,4944.399902,4949.600098,4949.600098,1054745500.0
2008-08-22,4965.0,5015.0,4963.700195,5010.200195,5010.200195,1132087500.0
2008-08-25,5019.700195,5109.700195,5017.299805,5090.100098,5090.100098,854813700.0
2008-08-26,5090.200195,5090.200195,4975.600098,5082.299805,5082.299805,808286200.0
2008-08-27,5087.0,5111.899902,5048.299805,5087.799805,5087.799805,887525500.0
2008-08-28,5097.399902,5162.100098,5096.899902,5143.299805,5143.299805,1011382200.0
2008-08-29,5151.0,5220.0,5146.5,5215.5,5215.5,1131386900.0
2008-09-01,5209.200195,5210.299805,5176.0,5200.0,5200.0,719767200.0
2008-09-02,5182.200195,5250.399902,5182.200195,5195.0,5195.0,915473000.0
2008-09-03,5184.0,5213.700195,5108.299805,5130.5,5130.5,1024980900.0
2008-09-04,5122.899902,5150.100098,5024.5,5050.899902,5050.899902,1003243200.0
2008-09-05,5022.100098,5022.100098,4909.600098,4949.5,4949.5,1025675800.0
2008-09-08,4950.200195,5140.600098,4949.5,5126.299805,5126.299805,947248100.0
2008-09-09,5112.0,5112.200195,5028.700195,5041.899902,5041.899902,1012679400.0
2008-09-10,4997.0,4997.0,4912.100098,4961.399902,4961.399902,1012655400.0
2008-09-11,4970.5,4972.0,4871.399902,4871.5,4871.5,1023059700.0
2008-09-12,4889.200195,4957.100098,4887.399902,4957.100098,4957.100098,914669900.0
2008-09-15,4957.200195,4957.5,4832.5,4875.0,4875.0,840800300.0
2008-09-16,4839.0,4841.5,4739.299805,4799.899902,4799.899902,1363192600.0
2008-09-17,4807.799805,4864.299805,4749.399902,4769.700195,4769.700195,1460457100.0
2008-09-18,4722.100098,4722.899902,4575.200195,4651.899902,4651.899902,2124556600.0
2008-09-19,4679.100098,4856.600098,4679.100098,4840.700195,4840.700195,1939806800.0
2008-09-22,4945.100098,5050.100098,4938.799805,5050.100098,5050.100098,1338777000.0
2008-09-23,5021.299805,5021.299805,4920.399902,4957.700195,4957.700195,782722100.0
2008-09-24,4952.5,5015.0,4947.700195,5008.200195,5008.200195,1028344600.0
2008-09-25,4984.399902,5010.100098,4956.600098,4960.799805,4960.799805,1011194700.0
2008-09-26,4968.399902,5019.299805,4874.0,4934.600098,4934.600098,983464400.0
2008-09-29,4935.0,4981.799805,4815.299805,4839.200195,4839.200195,730177600.0
2008-09-30,4757.200195,4757.399902,4569.100098,4631.299805,4631.299805,1002389200.0
2008-10-01,4662.399902,4814.5,4662.399902,4814.5,4814.5,672365200.0
2008-10-02,4815.700195,4843.5,4771.399902,4774.100098,4774.100098,735419500.0
2008-10-03,4735.799805,4735.899902,4646.200195,4702.799805,4702.799805,793823100.0
2008-10-05,4697.799805,4697.799805,4525.700195,4544.700195,4544.700195,436237300.0
2008-10-06,4511.899902,4625.899902,4395.100098,4597.899902,4597.899902,993142100.0
2008-10-07,4549.0,4549.299805,4364.0,4369.799805,4369.799805,893087100.0
2008-10-08,4372.100098,4374.399902,4249.0,4291.299805,4291.299805,1203339500.0
2008-10-09,4249.899902,4249.899902,3939.399902,3939.5,3939.5,1341044000.0
2008-10-12,3965.800049,4167.899902,3965.800049,4141.899902,4141.899902,1147647400.0
2008-10-13,4202.399902,4403.700195,4202.100098,4311.5,4311.5,1324061000.0
2008-10-14,4306.600098,4308.0,4242.299805,4272.5,4272.5,970182400.0
2008-10-15,4206.600098,4206.600098,3973.199951,3988.100098,3988.100098,1008535000.0
2008-10-16,4011.0,4121.5,3936.600098,3944.800049,3944.800049,1059415100.0
2008-10-19,3964.100098,4098.700195,3964.100098,4098.700195,4098.700195,1216841300.0
2008-10-20,4135.100098,4251.399902,4134.299805,4251.399902,4251.399902,979746400.0
2008-10-21,4223.299805,4223.299805,4120.0,4120.100098,4120.100098,867168000.0
2008-10-22,4061.100098,4061.100098,3937.300049,3939.300049,3939.300049,926910100.0
2008-10-23,3936.399902,3988.899902,3799.5,3831.600098,3831.600098,841203300.0
2008-10-26,3835.199951,3835.199951,3725.600098,3768.300049,3768.300049,871458500.0
2008-10-27,3761.100098,3764.0,3693.899902,3755.399902,3755.399902,1077619300.0
2008-10-28,3793.300049,3931.300049,3783.300049,3805.800049,3805.800049,1345085600.0
2008-10-29,3826.699951,3975.800049,3825.699951,3957.300049,3957.300049,1273942600.0
2008-10-30,3950.699951,3982.699951,3902.800049,3982.699951,3982.699951,1315467000.0
2008-11-02,4003.0,4173.0,3982.699951,4173.0,4173.0,972730200.0
2008-11-03,4153.600098,4180.600098,4095.100098,4169.799805,4169.799805,694734500.0
2008-11-04,4203.0,4291.899902,4200.299805,4287.299805,4287.299805,1388624300.0
2008-11-05,4239.700195,4240.899902,4102.5,4106.5,4106.5,975560000.0
2008-11-06,4063.5,4064.300049,3928.600098,4006.600098,4006.600098,869728600.0
2008-11-09,4020.5,4111.100098,4020.5,4060.0,4060.0,920906100.0
2008-11-10,4041.899902,4043.300049,3889.899902,3921.800049,3921.800049,1001859200.0
2008-11-11,3907.300049,3920.5,3856.600098,3883.600098,3883.600098,1005444200.0
2008-11-12,3840.100098,3840.100098,3672.399902,3672.399902,3672.399902,1093761300.0
2008-11-13,3713.600098,3824.5,3713.600098,3726.0,3726.0,857115900.0
2008-11-16,3709.100098,3709.699951,3608.199951,3639.5,3639.5,767729100.0
2008-11-17,3624.399902,3645.600098,3500.8000490000004,3513.100098,3513.100098,924813400.0
2008-11-18,3526.899902,3556.600098,3430.199951,3483.199951,3483.199951,1191153800.0
2008-11-19,3451.600098,3451.600098,3328.399902,3332.600098,3332.600098,1227997200.0
2008-11-20,3308.0,3386.899902,3201.5,3386.899902,3386.899902,1380640700.0
2008-11-23,3397.8000490000004,3414.699951,3337.100098,3388.8000490000004,3388.8000490000004,941694700.0
2008-11-24,3433.8000490000004,3575.399902,3432.8000490000004,3575.399902,3575.399902,1294310500.0
2008-11-25,3570.199951,3570.199951,3478.3000490000004,3479.600098,3479.600098,947384200.0
2008-11-26,3526.199951,3590.8000490000004,3518.699951,3528.199951,3528.199951,1001289700.0
2008-11-27,3542.399902,3672.800049,3542.399902,3672.699951,3672.699951,1144487100.0
2008-11-30,3669.800049,3670.300049,3588.199951,3619.0,3619.0,821107300.0
2008-12-01,3576.199951,3576.199951,3473.399902,3473.399902,3473.399902,894325700.0
2008-12-02,3496.3000490000004,3559.399902,3444.0,3476.5,3476.5,786861800.0
2008-12-03,3493.399902,3544.5,3458.699951,3468.100098,3468.100098,907507600.0
2008-12-04,3449.199951,3490.3000490000004,3424.399902,3427.199951,3427.199951,821059500.0
2008-12-07,3441.8000490000004,3568.3000490000004,3441.0,3553.8000490000004,3553.8000490000004,901316300.0
2008-12-08,3575.0,3576.399902,3495.199951,3533.699951,3533.699951,925279800.0
2008-12-09,3537.5,3583.899902,3491.899902,3573.3000490000004,3573.3000490000004,916221900.0
2008-12-10,3590.399902,3602.0,3492.699951,3534.199951,3534.199951,911336300.0
2008-12-11,3524.3000490000004,3524.3000490000004,3418.699951,3452.5,3452.5,858306700.0
2008-12-14,3474.399902,3599.0,3474.100098,3535.699951,3535.699951,1000419400.0
2008-12-15,3533.399902,3533.399902,3455.899902,3498.899902,3498.899902,1093167800.0
2008-12-16,3512.8000490000004,3573.5,3496.3000490000004,3515.0,3515.0,1101142500.0
2008-12-17,3521.199951,3521.699951,3466.100098,3521.699951,3521.699951,2214856400.0
2008-12-18,3500.3000490000004,3553.199951,3455.600098,3547.199951,3547.199951,1829827400.0
2008-12-21,3550.899902,3555.600098,3488.8000490000004,3492.3000490000004,3492.3000490000004,680905300.0
2008-12-22,3486.8000490000004,3507.199951,3435.5,3468.199951,3468.199951,685914400.0
2008-12-23,3470.600098,3530.0,3465.899902,3515.0,3515.0,423475700.0
2008-12-28,3526.5,3586.5,3511.100098,3554.199951,3554.199951,569020900.0
2008-12-29,3557.100098,3605.5,3533.8000490000004,3591.399902,3591.399902,473556900.0
2008-12-30,3602.3000490000004,3666.100098,3602.3000490000004,3659.300049,3659.300049,428290500.0
2009-01-01,3660.800049,3704.100098,3621.5,3655.699951,3655.699951,542029100.0
2009-01-04,3680.100098,3709.600098,3623.199951,3638.899902,3638.899902,1039857900.0
2009-01-05,3643.100098,3706.399902,3643.100098,3689.199951,3689.199951,1023273500.0
2009-01-06,3712.300049,3762.5,3710.600098,3728.199951,3728.199951,1283558500.0
2009-01-07,3699.399902,3699.800049,3614.800049,3643.600098,3643.600098,940493900.0
2009-01-08,3654.100098,3686.600098,3644.0,3680.399902,3680.399902,796894500.0
2009-01-11,3668.600098,3668.600098,3603.100098,3624.0,3624.0,721963200.0
2009-01-12,3608.600098,3608.600098,3555.600098,3593.899902,3593.899902,706590900.0
2009-01-13,3602.100098,3627.899902,3581.199951,3624.300049,3624.300049,726901100.0
2009-01-14,3590.600098,3591.8000490000004,3463.199951,3476.8000490000004,3476.8000490000004,767706000.0
2009-01-15,3494.100098,3519.199951,3487.3000490000004,3494.899902,3494.899902,716530400.0
2009-01-18,3500.3000490000004,3542.600098,3500.3000490000004,3531.0,3531.0,552664000.0
2009-01-19,3508.899902,3508.899902,3393.899902,3425.0,3425.0,699748100.0
2009-01-20,3410.5,3410.8000490000004,3363.600098,3394.8000490000004,3394.8000490000004,778802300.0
2009-01-21,3407.100098,3439.600098,3397.899902,3431.899902,3431.899902,707265300.0
2009-01-22,3418.600098,3418.8000490000004,3300.199951,3300.300049,3300.300049,924189100.0
2009-01-26,3328.600098,3393.8000490000004,3327.0,3392.3000490000004,3392.3000490000004,758879600.0
2009-01-27,3398.399902,3444.899902,3365.600098,3435.100098,3435.100098,805770800.0
2009-01-28,3460.600098,3496.5,3442.899902,3461.3000490000004,3461.3000490000004,981432700.0
2009-01-29,3450.3000490000004,3484.8000490000004,3410.399902,3478.100098,3478.100098,1013285000.0
2009-02-01,3460.0,3467.199951,3426.899902,3443.5,3443.5,707520900.0
2009-02-02,3450.3000490000004,3516.399902,3448.199951,3449.100098,3449.100098,1058865400.0
2009-02-03,3444.5,3454.3000490000004,3374.8000490000004,3382.3000490000004,3382.3000490000004,1008116400.0
2009-02-04,3400.600098,3403.600098,3361.600098,3372.600098,3372.600098,974966000.0
2009-02-05,3383.399902,3432.3000490000004,3383.3000490000004,3407.5,3407.5,858786300.0
2009-02-08,3431.899902,3463.0,3429.699951,3445.8000490000004,3445.8000490000004,851453800.0
2009-02-09,3452.199951,3459.3000490000004,3404.899902,3428.600098,3428.600098,824959100.0
2009-02-10,3402.5,3418.100098,3354.600098,3418.100098,3418.100098,756126000.0
2009-02-11,3419.3000490000004,3493.3000490000004,3418.0,3458.5,3458.5,951043800.0
2009-02-12,3453.100098,3497.8000490000004,3451.199951,3496.699951,3496.699951,836160700.0
2009-02-15,3488.199951,3488.199951,3446.100098,3461.3000490000004,3461.3000490000004,641253700.0
2009-02-16,3453.899902,3481.899902,3398.3000490000004,3412.199951,3412.199951,1084115700.0
2009-02-17,3387.199951,3389.0,3323.5,3366.899902,3366.899902,1142128800.0
2009-02-18,3367.0,3423.199951,3345.899902,3398.0,3398.0,1070836900.0
2009-02-19,3398.3000490000004,3399.199951,3334.399902,3353.0,3353.0,861029500.0
2009-02-22,3339.800049,3339.800049,3269.399902,3304.100098,3304.100098,909920000.0
2009-02-23,3288.0,3290.800049,3255.0,3285.0,3285.0,945366500.0
2009-02-24,3305.600098,3332.399902,3271.399902,3281.5,3281.5,1083960100.0
2009-02-25,3281.699951,3316.399902,3275.899902,3297.399902,3297.399902,1040568600.0
2009-02-26,3296.300049,3313.600098,3264.199951,3296.899902,3296.899902,1472134100.0
2009-03-01,3283.399902,3284.399902,3190.699951,3203.800049,3203.800049,1006180200.0
2009-03-02,3204.199951,3204.199951,3112.600098,3171.399902,3171.399902,1107290400.0
2009-03-03,3161.399902,3164.199951,3102.0,3125.899902,3125.899902,992971900.0
2009-03-04,3154.399902,3177.100098,3141.399902,3148.800049,3148.800049,1151761900.0
2009-03-05,3132.199951,3133.100098,3091.600098,3111.699951,3111.699951,971305000.0
2009-03-08,3128.399902,3142.899902,3104.199951,3121.699951,3121.699951,729280000.0
2009-03-09,3116.0,3143.199951,3090.800049,3143.199951,3143.199951,953463900.0
2009-03-10,3171.399902,3217.399902,3170.800049,3199.100098,3199.100098,1286824000.0
2009-03-11,3207.5,3225.100098,3181.100098,3190.399902,3190.399902,913094500.0
2009-03-12,3207.5,3302.100098,3206.899902,3294.699951,3294.699951,1410720800.0
2009-03-15,3295.699951,3321.899902,3289.300049,3297.300049,3297.300049,1587250500.0
2009-03-16,3300.100098,3393.399902,3299.300049,3393.399902,3393.399902,1349705100.0
2009-03-17,3395.600098,3425.8000490000004,3376.199951,3386.199951,3386.199951,1624000300.0
2009-03-18,3394.0,3435.699951,3393.899902,3416.8000490000004,3416.8000490000004,2260150800.0
2009-03-19,3432.5,3432.600098,3404.699951,3405.0,3405.0,1706623200.0
2009-03-22,3408.100098,3483.100098,3397.0,3483.100098,3483.100098,1166156000.0
2009-03-23,3508.199951,3574.8000490000004,3508.199951,3517.3000490000004,3517.3000490000004,1383736800.0
2009-03-24,3517.3000490000004,3560.600098,3499.0,3546.199951,3546.199951,1172558100.0
2009-03-25,3548.100098,3602.600098,3541.100098,3586.3000490000004,3586.3000490000004,1306194500.0
2009-03-26,3595.3000490000004,3645.800049,3595.3000490000004,3615.600098,3615.600098,1376619400.0
2009-03-29,3603.399902,3604.100098,3544.3000490000004,3554.199951,3554.199951,887484500.0
2009-03-30,3539.100098,3566.899902,3519.600098,3532.3000490000004,3532.3000490000004,1290952100.0
2009-03-31,3533.5,3546.699951,3503.8000490000004,3527.199951,3527.199951,1164738200.0
2009-04-01,3539.5,3640.899902,3539.199951,3622.199951,3622.199951,1471350800.0
2009-04-02,3643.399902,3688.199951,3643.399902,3674.0,3674.0,1568484200.0
2009-04-06,3673.0,3700.699951,3672.699951,3696.399902,3696.399902,1330231600.0
2009-04-07,3684.800049,3685.0,3646.300049,3648.5,3648.5,1359552400.0
2009-04-08,3635.5,3635.5,3560.199951,3567.5,3567.5,1063288600.0
2009-04-09,3574.100098,3619.5,3573.600098,3617.5,3617.5,898159600.0
2009-04-14,3639.800049,3718.300049,3639.399902,3697.899902,3697.899902,1129720200.0
2009-04-15,3691.699951,3707.600098,3682.300049,3693.899902,3693.899902,1129808700.0
2009-04-16,3699.100098,3750.5,3698.800049,3725.600098,3725.600098,1230515900.0
2009-04-17,3734.600098,3795.899902,3728.100098,3728.100098,3728.100098,1384327200.0
2009-04-20,3729.100098,3739.300049,3687.300049,3722.600098,3722.600098,1115190300.0
2009-04-21,3695.899902,3695.899902,3618.5,3633.100098,3633.100098,1054744500.0
2009-04-22,3643.399902,3657.600098,3620.600098,3627.199951,3627.199951,1115905000.0
2009-04-23,3634.5,3696.899902,3632.699951,3695.800049,3695.800049,1179634200.0
2009-04-24,3697.0,3706.699951,3645.300049,3668.199951,3668.199951,1184644700.0
2009-04-27,3679.699951,3735.0,3643.399902,3690.0,3690.0,957587200.0
2009-04-28,3687.300049,3734.0,3664.199951,3671.699951,3671.699951,1075239300.0
2009-04-29,3660.0,3686.800049,3646.5,3661.899902,3661.899902,1183128700.0
2009-04-30,3662.0,3760.800049,3661.899902,3744.699951,3744.699951,1378827000.0
2009-05-01,3736.899902,3747.899902,3721.0,3737.899902,3737.899902,995318300.0
2009-05-04,3748.199951,3846.0,3748.199951,3846.0,3846.0,1229040200.0
2009-05-05,3863.0,3907.300049,3849.300049,3862.199951,3862.199951,1633134000.0
2009-05-06,3862.199951,3878.199951,3826.100098,3840.100098,3840.100098,1615390300.0
2009-05-07,3861.199951,3925.5,3860.800049,3912.100098,3912.100098,1959168400.0
2009-05-08,3895.0,3920.5,3884.199951,3919.600098,3919.600098,1349375200.0
2009-05-11,3921.399902,3941.699951,3887.399902,3910.5,3910.5,1972241200.0
2009-05-12,3900.5,3900.5,3843.699951,3863.600098,3863.600098,1359239600.0
2009-05-13,3864.100098,3879.5,3827.199951,3842.5,3842.5,1402274600.0
2009-05-14,3813.899902,3814.199951,3709.5,3710.800049,3710.800049,1455178000.0
2009-05-15,3727.600098,3775.699951,3726.899902,3758.899902,3758.899902,1289304900.0
2009-05-18,3750.5,3750.5,3703.699951,3721.600098,3721.600098,1024138600.0
2009-05-19,3742.399902,3804.300049,3741.899902,3800.600098,3800.600098,1357188800.0
2009-05-20,3808.199951,3814.600098,3778.699951,3808.899902,3808.899902,1205489900.0
2009-05-21,3808.600098,3816.899902,3782.5,3804.699951,3804.699951,1353585400.0
2009-05-22,3788.899902,3789.600098,3744.5,3755.399902,3755.399902,1234922500.0
2009-05-25,3757.300049,3778.300049,3719.800049,3735.300049,3735.300049,960594900.0
2009-05-26,3734.100098,3781.600098,3722.100098,3781.600098,3781.600098,1160078300.0
2009-05-27,3790.899902,3828.399902,3790.5,3795.300049,3795.300049,1586348600.0
2009-05-28,3779.5,3780.0,3736.699951,3753.899902,3753.899902,1332328700.0
2009-05-29,3754.199951,3817.199951,3753.899902,3813.300049,3813.300049,1930771800.0
2009-06-01,3813.199951,3887.899902,3807.699951,3887.899902,3887.899902,1511701700.0
2009-06-02,3903.100098,3957.399902,3903.100098,3948.100098,3948.100098,1864991000.0
2009-06-03,3947.699951,4009.399902,3943.300049,4009.300049,4009.300049,1845889200.0
2009-06-04,4009.300049,4009.300049,3925.600098,3932.5,3932.5,1719375000.0
2009-06-05,3932.5,4016.899902,3932.5,3969.0,3969.0,1854857600.0
2009-06-09,3959.300049,3992.600098,3933.600098,3933.600098,3933.600098,1646967600.0
2009-06-10,3947.800049,4016.300049,3947.0,4016.300049,4016.300049,1829197000.0
2009-06-11,4013.600098,4052.300049,4013.300049,4047.300049,4047.300049,1671134700.0
2009-06-12,4046.699951,4078.300049,4038.800049,4061.5,4061.5,1898499000.0
2009-06-15,4050.399902,4058.600098,4030.399902,4030.399902,4030.399902,1955604800.0
2009-06-16,4014.5,4015.899902,3950.300049,3957.899902,3957.899902,1478201700.0
2009-06-17,3941.899902,3942.100098,3875.699951,3904.199951,3904.199951,1656255800.0
2009-06-18,3897.399902,3914.899902,3868.800049,3887.399902,3887.399902,1712425200.0
2009-06-19,3894.199951,3927.399902,3893.199951,3894.399902,3894.399902,1663706900.0
2009-06-22,3902.100098,3924.899902,3891.100098,3910.800049,3910.800049,1252107400.0
2009-06-23,3884.199951,3884.199951,3786.899902,3793.0,3793.0,1412880200.0
2009-06-24,3797.399902,3807.300049,3766.600098,3802.199951,3802.199951,1237348900.0
2009-06-25,3809.100098,3852.899902,3808.800049,3851.5,3851.5,1174549900.0
2009-06-26,3858.600098,3909.899902,3858.600098,3899.5,3899.5,1319376200.0
2009-06-29,3896.300049,3921.699951,3879.5,3882.699951,3882.699951,1046754600.0
2009-06-30,3894.600098,3947.800049,3894.5,3947.800049,3947.800049,1459245600.0
2009-07-01,3934.399902,3934.399902,3858.100098,3872.300049,3872.300049,1134162200.0
2009-07-02,3883.899902,3907.699951,3870.699951,3875.199951,3875.199951,1243860100.0
2009-07-03,3858.899902,3858.899902,3803.699951,3826.600098,3826.600098,1067300000.0
2009-07-06,3820.199951,3820.5,3769.0,3784.199951,3784.199951,823449100.0
2009-07-07,3778.600098,3785.699951,3761.600098,3767.800049,3767.800049,911400600.0
2009-07-08,3752.800049,3766.0,3710.100098,3766.0,3766.0,1256161400.0
2009-07-09,3764.300049,3766.699951,3740.199951,3761.399902,3761.399902,1012106600.0
2009-07-10,3761.5,3792.800049,3761.399902,3790.600098,3790.600098,856646600.0
2009-07-13,3787.199951,3790.399902,3736.399902,3738.0,3738.0,844521400.0
2009-07-14,3756.199951,3858.800049,3756.199951,3858.800049,3858.800049,912726700.0
2009-07-15,3862.600098,3921.800049,3862.399902,3917.5,3917.5,1110569700.0
2009-07-16,3936.199951,4012.0,3935.0,3987.800049,3987.800049,1308624700.0
2009-07-17,3993.399902,4016.899902,3981.199951,3992.899902,3992.899902,977644900.0
2009-07-20,3998.199951,4058.699951,3998.199951,4044.199951,4044.199951,976237100.0
2009-07-21,4052.800049,4079.399902,4042.100098,4048.300049,4048.300049,1138902200.0
2009-07-22,4052.300049,4073.5,4046.5,4068.899902,4068.899902,1322440500.0
2009-07-23,4061.0,4076.699951,4053.300049,4072.600098,4072.600098,1468234500.0
2009-07-24,4088.199951,4130.399902,4088.199951,4097.299805,4097.299805,1475852800.0
2009-07-27,4104.899902,4160.899902,4104.899902,4147.799805,4147.799805,1234428100.0
2009-07-28,4148.700195,4181.899902,4148.600098,4174.0,4174.0,1416741600.0
2009-07-29,4162.600098,4183.100098,4147.5,4148.899902,4148.899902,1568058500.0
2009-07-30,4144.600098,4206.299805,4142.200195,4195.899902,4195.899902,1514616300.0
2009-07-31,4215.700195,4251.799805,4214.399902,4249.5,4249.5,1932795200.0
2009-08-03,4251.5,4287.899902,4250.200195,4270.5,4270.5,1240119700.0
2009-08-04,4294.899902,4345.5,4294.899902,4313.899902,4313.899902,2199561000.0
2009-08-05,4324.600098,4325.200195,4272.200195,4272.200195,4272.200195,5636657200.0
2009-08-06,4278.5,4331.0,4278.0,4331.0,4331.0,1582022800.0
2009-08-07,4321.600098,4321.600098,4281.5,4303.100098,4303.100098,1285797800.0
2009-08-10,4314.399902,4352.100098,4305.100098,4309.200195,4309.200195,1791228000.0
2009-08-11,4304.0,4335.100098,4285.799805,4334.399902,4334.399902,1540210600.0
2009-08-12,4324.600098,4353.799805,4299.600098,4345.899902,4345.899902,1671504200.0
2009-08-13,4354.100098,4436.700195,4354.100098,4436.700195,4436.700195,2234504600.0
2009-08-14,4447.299805,4506.5,4447.299805,4465.100098,4465.100098,2051932200.0
2009-08-17,4456.399902,4456.399902,4398.100098,4398.100098,4398.100098,1403748900.0
2009-08-18,4386.399902,4401.200195,4357.700195,4385.899902,4385.899902,1430640600.0
2009-08-19,4386.0,4444.5,4382.399902,4387.5,4387.5,1864089600.0
2009-08-20,4408.600098,4437.200195,4380.700195,4391.399902,4391.399902,1662763200.0
2009-08-21,4391.299805,4394.899902,4278.399902,4305.700195,4305.700195,2694360400.0
2009-08-24,4329.700195,4434.299805,4329.200195,4434.200195,4434.200195,1405939400.0
2009-08-25,4430.700195,4442.100098,4400.200195,4417.5,4417.5,1509120100.0
2009-08-26,4418.700195,4476.799805,4418.700195,4464.399902,4464.399902,2250122800.0
2009-08-27,4460.700195,4468.100098,4434.799805,4458.100098,4458.100098,2221704000.0
2009-08-28,4466.399902,4497.200195,4466.0,4495.899902,4495.899902,1908021200.0
2009-08-31,4493.200195,4540.200195,4476.299805,4484.100098,4484.100098,2045021600.0
2009-09-01,4481.600098,4520.0,4469.700195,4511.299805,4511.299805,1541666200.0
2009-09-02,4490.799805,4490.799805,4412.399902,4436.600098,4436.600098,1609031600.0
2009-09-03,4432.799805,4448.200195,4412.5,4432.899902,4432.899902,1408655400.0
2009-09-04,4445.299805,4480.200195,4441.100098,4442.700195,4442.700195,1768366000.0
2009-09-07,4449.600098,4473.799805,4448.399902,4461.100098,4461.100098,1846245800.0
2009-09-08,4467.200195,4529.899902,4467.200195,4527.799805,4527.799805,1812606800.0
2009-09-09,4535.299805,4558.299805,4510.600098,4527.100098,4527.100098,1853315200.0
2009-09-10,4528.399902,4578.799805,4528.399902,4573.5,4573.5,1974461600.0
2009-09-11,4578.399902,4606.799805,4578.0,4596.299805,4596.299805,1665406000.0
2009-09-14,4596.5,4596.5,4525.399902,4536.100098,4536.100098,1346823900.0
2009-09-15,4545.399902,4587.399902,4535.5,4547.200195,4547.200195,1957651200.0
2009-09-16,4558.299805,4653.5,4557.600098,4652.799805,4652.799805,1885091200.0
2009-09-17,4663.100098,4746.799805,4663.100098,4714.0,4714.0,2235605400.0
2009-09-18,4703.399902,4703.600098,4662.200195,4693.700195,4693.700195,2265912800.0
2009-09-21,4688.600098,4704.200195,4673.0,4684.100098,4684.100098,1392954900.0
2009-09-22,4679.200195,4688.399902,4664.200195,4671.100098,4671.100098,1390644200.0
2009-09-23,4671.100098,4741.5,4671.100098,4741.0,4741.0,1510029300.0
2009-09-24,4729.600098,4732.399902,4701.200195,4707.899902,4707.899902,1747790400.0
2009-09-25,4694.600098,4726.700195,4646.299805,4714.799805,4714.799805,2377333200.0
2009-09-28,4706.399902,4707.799805,4649.799805,4676.899902,4676.899902,1325533100.0
2009-09-29,4694.100098,4761.799805,4694.100098,4747.200195,4747.200195,1442416500.0
2009-09-30,4741.899902,4759.5,4726.399902,4739.299805,4739.299805,1634055800.0
2009-10-01,4735.5,4752.799805,4698.0,4702.0,4702.0,1333796300.0
2009-10-02,4675.5,4675.5,4603.799805,4606.100098,4606.100098,1289011000.0
2009-10-04,4605.700195,4621.0,4579.299805,4579.299805,4579.299805,592473300.0
2009-10-05,4593.799805,4644.700195,4589.299805,4597.200195,4597.200195,1275468700.0
2009-10-06,4616.600098,4706.299805,4616.399902,4695.899902,4695.899902,1437633100.0
2009-10-07,4697.0,4772.600098,4689.299805,4763.299805,4763.299805,1636516700.0
2009-10-08,4774.200195,4799.399902,4749.5,4754.5,4754.5,1626692500.0
2009-10-11,4762.200195,4789.100098,4743.399902,4745.5,4745.5,1138634700.0
2009-10-12,4749.399902,4799.600098,4749.399902,4789.799805,4789.799805,1334320400.0
2009-10-13,4787.100098,4842.200195,4786.200195,4834.0,4834.0,1305632000.0
2009-10-14,4847.0,4897.5,4847.0,4862.5,4862.5,1820259000.0
2009-10-15,4862.0,4880.0,4840.899902,4842.600098,4842.600098,1236616600.0
2009-10-18,4837.299805,4837.299805,4781.600098,4801.799805,4801.799805,1034928000.0
2009-10-19,4816.299805,4876.0,4815.899902,4852.799805,4852.799805,1685946000.0
2009-10-20,4845.600098,4848.600098,4827.200195,4846.200195,4846.200195,1643800600.0
2009-10-21,4838.899902,4849.799805,4816.899902,4818.799805,4818.799805,1390610700.0
2009-10-22,4831.100098,4869.0,4831.100098,4859.700195,4859.700195,1943838400.0
2009-10-25,4847.5,4848.899902,4814.700195,4832.600098,4832.600098,1044974600.0
2009-10-26,4817.600098,4817.600098,4752.600098,4755.0,4755.0,1616949800.0
2009-10-27,4753.0,4765.5,4685.399902,4687.299805,4687.299805,1583994800.0
2009-10-28,4658.799805,4659.200195,4563.200195,4575.200195,4575.200195,1992909200.0
2009-10-29,4601.0,4674.700195,4601.0,4646.899902,4646.899902,1856478200.0
2009-11-01,4617.100098,4617.399902,4520.700195,4546.299805,4546.299805,1269343300.0
2009-11-02,4553.299805,4584.299805,4527.899902,4540.0,4540.0,894707200.0
2009-11-03,4542.700195,4565.5,4526.899902,4547.600098,4547.600098,0.0
2009-11-04,4544.899902,4568.799805,4515.299805,4519.200195,4519.200195,1381325200.0
2009-11-05,4537.100098,4604.399902,4536.899902,4604.399902,4604.399902,1324790600.0
2009-11-08,4607.200195,4691.700195,4607.100098,4686.5,4686.5,1466643900.0
2009-11-09,4705.600098,4767.899902,4705.0,4744.0,4744.0,1635235600.0
2009-11-10,4746.5,4775.200195,4744.600098,4765.899902,4765.899902,1427505400.0
2009-11-11,4769.600098,4802.5,4757.200195,4758.200195,4758.200195,1280216500.0
2009-11-12,4745.200195,4745.200195,4706.600098,4722.600098,4722.600098,1257030900.0
2009-11-15,4731.600098,4775.0,4731.600098,4773.799805,4773.799805,1367329800.0
2009-11-16,4785.5,4817.200195,4750.200195,4750.200195,4750.200195,1411932200.0
2009-11-17,4757.0,4798.399902,4755.200195,4759.600098,4759.600098,1428016700.0
2009-11-18,4764.0,4780.100098,4748.700195,4767.799805,4767.799805,0.0
2009-11-19,4754.399902,4754.399902,4694.700195,4706.700195,4706.700195,1007809900.0
2009-11-22,4710.0,4746.299805,4704.899902,4739.200195,4739.200195,1037742900.0
2009-11-23,4746.0,4784.5,4708.200195,4708.200195,4708.200195,1163100100.0
2009-11-24,4713.200195,4741.399902,4697.299805,4741.0,4741.0,1510529100.0
2009-11-25,4749.200195,4768.100098,4719.0,4727.600098,4727.600098,1213746300.0
2009-11-26,4696.899902,4696.899902,4587.5,4597.200195,4597.200195,1518265700.0
2009-11-29,4615.200195,4721.0,4615.200195,4715.5,4715.5,1260913400.0
2009-11-30,4712.0,4733.100098,4693.5,4733.100098,4733.100098,1021861100.0
2009-12-01,4745.899902,4806.100098,4745.799805,4776.700195,4776.700195,1454802400.0
2009-12-02,4778.700195,4799.399902,4768.899902,4789.299805,4789.299805,1375324000.0
2009-12-03,4777.0,4777.200195,4707.299805,4721.200195,4721.200195,1100012200.0
2009-12-06,4726.200195,4740.299805,4671.799805,4695.200195,4695.200195,997872300.0
2009-12-07,4695.200195,4711.200195,4671.799805,4686.399902,4686.399902,1235561700.0
2009-12-08,4679.0,4679.0,4614.100098,4652.600098,4652.600098,1201151300.0
2009-12-09,4652.100098,4665.5,4614.100098,4622.899902,4622.899902,1418144400.0
2009-12-10,4627.799805,4660.0,4627.799805,4651.399902,4651.399902,1096457300.0
2009-12-13,4651.700195,4668.200195,4626.600098,4668.200195,4668.200195,0.0
2009-12-14,4673.100098,4702.600098,4671.799805,4687.799805,4687.799805,1256272800.0
2009-12-15,4685.399902,4701.299805,4671.899902,4676.100098,4676.100098,1098694300.0
2009-12-16,4686.299805,4718.799805,4667.700195,4689.600098,4689.600098,1923852600.0
2009-12-17,4674.899902,4677.5,4629.399902,4671.899902,4671.899902,1584607800.0
2009-12-20,4680.5,4710.700195,4659.5,4659.5,4659.5,20689200.0
2009-12-21,4666.600098,4724.399902,4666.600098,4724.399902,4724.399902,776196700.0
2009-12-22,4724.600098,4758.600098,4715.700195,4756.100098,4756.100098,691622400.0
2009-12-23,4764.799805,4803.299805,4764.799805,4803.299805,4803.299805,482020300.0
2009-12-28,4808.700195,4868.100098,4808.700195,4856.700195,4856.700195,644153700.0
2009-12-29,4856.200195,4877.600098,4846.0,4847.0,4847.0,478423900.0
2009-12-30,4854.899902,4884.5,4854.899902,4882.700195,4882.700195,396949100.0
2010-01-03,4877.700195,4901.100098,4876.299805,4889.799805,4889.799805,596439900.0
2010-01-04,4899.799805,4944.799805,4899.799805,4939.5,4939.5,1036772400.0
2010-01-05,4943.700195,4954.600098,4935.600098,4946.799805,4946.799805,1069955900.0
2010-01-06,4948.200195,4963.600098,4929.700195,4930.5,4930.5,1076603600.0
2010-01-07,4931.399902,4964.200195,4931.299805,4942.200195,4942.200195,832942400.0
2010-01-10,4950.700195,4984.0,4950.5,4981.200195,4981.200195,893448000.0
2010-01-11,4970.799805,4972.0,4926.100098,4931.600098,4931.600098,942061000.0
2010-01-12,4919.600098,4920.299805,4885.100098,4900.100098,4900.100098,1023661000.0
2010-01-13,4906.700195,4949.899902,4906.0,4929.399902,4929.399902,839685600.0
2010-01-14,4928.299805,4938.700195,4893.200195,4929.5,4929.5,974586500.0
2010-01-17,4921.299805,4941.600098,4896.299805,4936.100098,4936.100098,943892600.0
2010-01-18,4939.299805,4953.200195,4889.600098,4889.600098,4889.600098,1072837800.0
2010-01-19,4901.799805,4932.700195,4893.399902,4895.100098,4895.100098,1005330500.0
2010-01-20,4882.600098,4883.0,4845.100098,4849.600098,4849.600098,1366036700.0
2010-01-21,4819.600098,4819.600098,4740.700195,4771.899902,4771.899902,1415849000.0
2010-01-24,4749.899902,4750.5,4702.600098,4743.100098,4743.100098,997700500.0
2010-01-26,4732.899902,4734.200195,4655.399902,4670.0,4670.0,1354866800.0
2010-01-27,4677.0,4699.200195,4667.899902,4697.700195,4697.700195,1294518600.0
2010-01-28,4683.0,4683.299805,4592.899902,4596.899902,4596.899902,1570721100.0
2010-01-31,4596.200195,4609.100098,4544.700195,4544.799805,4544.799805,1351600000.0
2010-02-01,4568.200195,4628.799805,4566.700195,4628.799805,4628.799805,1323440500.0
2010-02-02,4651.600098,4682.600098,4646.5,4673.200195,4673.200195,1334704700.0
2010-02-03,4665.100098,4666.399902,4623.899902,4644.100098,4644.100098,1208389500.0
2010-02-04,4607.600098,4610.5,4508.299805,4532.5,4532.5,1577595100.0
2010-02-07,4539.399902,4567.5,4534.700195,4538.799805,4538.799805,932021900.0
2010-02-08,4531.5,4531.700195,4483.299805,4520.700195,4520.700195,1083713900.0
2010-02-09,4546.399902,4587.299805,4519.600098,4533.0,4533.0,1160325000.0
2010-02-10,4531.799805,4584.5,4531.0,4575.799805,4575.799805,1018008500.0
2010-02-11,4587.0,4616.399902,4570.799805,4588.799805,4588.799805,1358478600.0
2010-02-14,4585.799805,4593.100098,4564.0,4570.399902,4570.399902,749265000.0
2010-02-15,4575.0,4619.600098,4575.0,4590.799805,4590.799805,1000438600.0
2010-02-16,4607.5,4690.600098,4606.899902,4686.799805,4686.799805,1204838400.0
2010-02-17,4691.399902,4692.600098,4655.399902,4673.899902,4673.899902,1167991100.0
2010-02-18,4680.399902,4691.100098,4632.899902,4656.299805,4656.299805,1390910400.0
2010-02-21,4673.399902,4732.700195,4673.399902,4732.700195,4732.700195,1090157000.0
2010-02-22,4722.399902,4731.0,4703.0,4731.0,4731.0,1297026100.0
2010-02-23,4717.0,4717.0,4659.0,4666.0,4666.0,1514123800.0
2010-02-24,4672.799805,4706.100098,4612.0,4614.899902,4614.899902,1395527900.0
2010-02-25,4626.0,4651.100098,4612.799805,4651.100098,4651.100098,1556814800.0
2010-02-28,4647.0,4694.899902,4647.0,4694.899902,4694.899902,1565454900.0
2010-03-01,4701.899902,4724.100098,4693.899902,4709.899902,4709.899902,1050212200.0
2010-03-02,4715.799805,4752.5,4714.399902,4743.799805,4743.799805,1501106800.0
2010-03-03,4750.399902,4758.899902,4733.600098,4757.600098,4757.600098,1400378400.0
2010-03-04,4760.399902,4786.200195,4758.600098,4773.399902,4773.399902,1206485900.0
2010-03-07,4791.600098,4836.0,4791.600098,4819.600098,4819.600098,1178840100.0
2010-03-08,4818.0,4836.100098,4801.700195,4829.299805,4829.299805,1400760600.0
2010-03-09,4828.100098,4845.299805,4815.100098,4829.799805,4829.799805,1385451400.0
2010-03-10,4831.200195,4850.799805,4818.700195,4825.5,4825.5,1191698300.0
2010-03-11,4825.899902,4847.0,4825.0,4831.5,4831.5,1074395000.0
2010-03-14,4834.0,4849.200195,4799.0,4799.399902,4799.399902,1163224100.0
2010-03-15,4800.600098,4819.200195,4794.100098,4809.100098,4809.100098,1343407500.0
2010-03-16,4817.200195,4866.899902,4817.200195,4866.899902,4866.899902,1652983400.0
2010-03-17,4873.600098,4888.100098,4862.799805,4877.700195,4877.700195,1668553800.0
2010-03-18,4877.100098,4892.200195,4871.299805,4890.100098,4890.100098,1781900400.0
2010-03-21,4877.200195,4877.299805,4845.0,4847.5,4847.5,1056287100.0
2010-03-22,4855.5,4894.799805,4854.899902,4887.899902,4887.899902,1436598600.0
2010-03-23,4897.100098,4921.299805,4897.100098,4903.200195,4903.200195,1386724800.0
2010-03-24,4895.700195,4901.299805,4883.299805,4896.299805,4896.299805,1330979500.0
2010-03-25,4890.5,4905.200195,4848.299805,4905.200195,4905.200195,1425399600.0
2010-03-28,4910.0,4920.299805,4899.799805,4907.200195,4907.200195,1064351600.0
2010-03-29,4916.799805,4932.5,4915.0,4926.799805,4926.799805,1213761100.0
2010-03-30,4922.399902,4940.899902,4893.100098,4893.100098,4893.100098,1547090200.0
2010-03-31,4897.0,4925.899902,4896.600098,4925.899902,4925.899902,1503644600.0
2010-04-06,4941.600098,4975.600098,4941.600098,4974.100098,4974.100098,1271662400.0
2010-04-07,4974.600098,4991.600098,4974.600098,4983.200195,4983.200195,1467532200.0
2010-04-08,4969.200195,4969.799805,4954.100098,4960.299805,4960.299805,1551161200.0
2010-04-09,4965.299805,4981.5,4965.100098,4972.899902,4972.899902,1303761300.0
2010-04-12,4981.200195,5012.700195,4981.200195,5011.600098,5011.600098,1384390100.0
2010-04-13,5006.600098,5006.600098,4972.200195,4978.399902,4978.399902,1562694900.0
2010-04-14,4984.299805,5020.399902,4983.799805,5017.899902,5017.899902,1489247600.0
2010-04-15,5025.600098,5048.600098,5023.600098,5024.100098,5024.100098,1670181400.0
2010-04-16,5022.299805,5023.899902,4997.200195,5007.299805,5007.299805,1264195800.0
2010-04-19,4990.200195,4990.200195,4934.0,4939.399902,4939.399902,1131563400.0
2010-04-20,4938.299805,4969.600098,4938.299805,4949.5,4949.5,1179626900.0
2010-04-21,4951.299805,4994.200195,4950.799805,4980.5,4980.5,1336150700.0
2010-04-22,4970.600098,4970.600098,4918.399902,4936.799805,4936.799805,1221807100.0
2010-04-23,4933.899902,4933.899902,4908.600098,4913.5,4913.5,1154207800.0
2010-04-27,4918.5,4943.899902,4907.299805,4913.299805,4913.299805,1425838100.0
2010-04-28,4885.799805,4887.600098,4817.299805,4854.200195,4854.200195,1457459300.0
2010-04-29,4850.100098,4851.200195,4813.100098,4816.100098,4816.100098,1375076000.0
2010-04-30,4823.100098,4851.200195,4820.700195,4833.899902,4833.899902,1574374300.0
2010-05-03,4812.5,4812.5,4778.299805,4807.100098,4807.100098,1381307900.0
2010-05-04,4802.100098,4824.799805,4753.200195,4753.299805,4753.299805,1748034000.0
2010-05-05,4730.899902,4730.899902,4651.0,4692.0,4692.0,1928206400.0
2010-05-06,4674.899902,4674.899902,4596.200195,4598.600098,4598.600098,1843653200.0
2010-05-07,4569.299805,4573.100098,4450.200195,4507.399902,4507.399902,2104606400.0
2010-05-10,4521.200195,4622.200195,4521.200195,4622.200195,4622.200195,1537071800.0
2010-05-11,4630.299805,4654.399902,4573.200195,4573.200195,4573.200195,1464766600.0
2010-05-12,4579.700195,4637.899902,4579.5,4599.700195,4599.700195,1337908400.0
2010-05-13,4614.299805,4679.5,4613.799805,4679.5,4679.5,1428457900.0
2010-05-14,4667.799805,4668.100098,4628.0,4643.0,4643.0,1121680900.0
2010-05-17,4622.0,4622.0,4500.700195,4500.700195,4500.700195,1420766600.0
2010-05-18,4511.399902,4534.100098,4477.899902,4500.0,4500.0,1512631900.0
2010-05-19,4487.200195,4489.0,4414.299805,4414.299805,4414.299805,1596525500.0
2010-05-20,4417.600098,4428.5,4342.399902,4342.399902,4342.399902,1711659800.0
2010-05-21,4314.700195,4326.700195,4194.399902,4325.799805,4325.799805,2285645000.0
2010-05-24,4338.399902,4412.799805,4323.600098,4412.799805,4412.799805,1290941100.0
2010-05-25,4395.299805,4395.299805,4286.299805,4286.299805,4286.299805,1478309300.0
2010-05-26,4312.799805,4383.100098,4312.799805,4330.399902,4330.399902,1752456600.0
2010-05-27,4335.700195,4399.100098,4315.600098,4399.100098,4399.100098,1778448600.0
2010-05-28,4415.299805,4479.700195,4415.299805,4479.0,4479.0,1768588800.0
2010-05-31,4470.399902,4473.799805,4448.600098,4453.600098,4453.600098,1191261000.0
2010-06-01,4454.200195,4454.200195,4410.799805,4436.700195,4436.700195,1256257100.0
2010-06-02,4428.100098,4450.200195,4397.200195,4403.700195,4403.700195,1286897800.0
2010-06-03,4424.0,4507.799805,4423.799805,4506.299805,4506.299805,1206649400.0
2010-06-04,4493.200195,4493.200195,4455.0,4472.399902,4472.399902,1005910600.0
2010-06-07,4438.5,4438.5,4326.299805,4350.700195,4350.700195,1159424200.0
2010-06-08,4348.399902,4404.399902,4347.600098,4401.200195,4401.200195,1273213200.0
2010-06-09,4405.799805,4409.200195,4374.100098,4402.600098,4402.600098,1276888900.0
2010-06-10,4402.899902,4459.0,4402.899902,4448.399902,4448.399902,1416576100.0
2010-06-11,4467.600098,4517.700195,4467.600098,4516.5,4516.5,1352247600.0
2010-06-15,4516.799805,4528.200195,4503.0,4517.600098,4517.600098,1130609600.0
2010-06-16,,,,,,
2010-06-17,4570.0,4578.0,4535.0,4547.0,4547.0,1365701200.0
2010-06-18,4546.600098,4581.799805,4545.700195,4574.100098,4574.100098,1324321600.0
2010-06-21,4588.5,4641.299805,4587.600098,4632.700195,4632.700195,1309569400.0
2010-06-22,4624.799805,4624.799805,4579.899902,4581.299805,4581.299805,1268950400.0
2010-06-23,4567.899902,4568.700195,4509.399902,4509.399902,4509.399902,1162474800.0
2010-06-24,4524.200195,4541.799805,4503.299805,4504.100098,4504.100098,1171752100.0
2010-06-25,4493.0,4493.0,4436.0,4439.399902,4439.399902,1347274500.0
2010-06-28,4445.100098,4458.0,4394.5,4409.700195,4409.700195,945625200.0
2010-06-29,4406.799805,4432.600098,4368.5,4370.600098,4370.600098,1026408700.0
2010-06-30,4346.600098,4346.700195,4273.200195,4324.799805,4324.799805,1434356300.0
2010-07-01,4309.899902,4310.899902,4240.0,4262.700195,4262.700195,1158297000.0
2010-07-02,4273.100098,4303.899902,4249.399902,4264.899902,4264.899902,1077314700.0
2010-07-05,4266.0,4285.600098,4245.200195,4250.600098,4250.600098,814009400.0
2010-07-06,4244.5,4299.700195,4213.0,4299.700195,4299.700195,881979100.0
2010-07-07,4303.0,4312.399902,4259.299805,4277.799805,4277.799805,1064193000.0
2010-07-08,4298.200195,4374.100098,4298.200195,4374.100098,4374.100098,1091909900.0
2010-07-09,4376.799805,4415.200195,4370.100098,4414.5,4414.5,826419200.0
2010-07-12,4415.200195,4439.799805,4407.799805,4429.5,4429.5,887354900.0
2010-07-13,4423.600098,4446.5,4400.0,4400.0,4400.0,910366500.0
2010-07-14,4418.100098,4477.299805,4417.200195,4477.299805,4477.299805,973838300.0
2010-07-15,4472.5,4478.5,4443.799805,4456.700195,4456.700195,1066233600.0
2010-07-16,4457.399902,4470.399902,4428.5,4437.0,4437.0,862211900.0
2010-07-19,4420.299805,4420.299805,4360.5,4372.700195,4372.700195,919310400.0
2010-07-20,4377.5,4428.100098,4376.200195,4418.700195,4418.700195,1162043500.0
2010-07-21,4430.200195,4449.799805,4418.299805,4428.700195,4428.700195,1049410600.0
2010-07-22,4426.299805,4430.799805,4394.799805,4394.799805,4394.799805,930374200.0
2010-07-23,4412.200195,4489.200195,4411.899902,4475.100098,4475.100098,1170962000.0
2010-07-26,4482.799805,4519.200195,4482.700195,4504.399902,4504.399902,1057887200.0
2010-07-27,4507.399902,4536.799805,4504.299805,4513.899902,4513.899902,1119803400.0
2010-07-28,4514.299805,4542.399902,4502.799805,4542.100098,4542.100098,1111596400.0
2010-07-29,4541.100098,4542.700195,4517.600098,4536.200195,4536.200195,1099027900.0
2010-07-30,4531.200195,4531.899902,4494.899902,4507.399902,4507.399902,1274414300.0
2010-08-02,4508.899902,4554.399902,4508.299805,4554.399902,4554.399902,754093700.0
2010-08-03,4568.700195,4597.5,4568.399902,4586.5,4586.5,1188513500.0
2010-08-04,4583.799805,4583.899902,4559.200195,4559.700195,4559.700195,1062608000.0
2010-08-05,4567.0,4596.600098,4566.700195,4584.899902,4584.899902,1158554000.0
2010-08-06,4582.899902,4586.299805,4566.899902,4586.299805,4586.299805,912223800.0
2010-08-09,4580.700195,4618.799805,4561.200195,4615.600098,4615.600098,996268000.0
2010-08-10,4613.5,4617.600098,4561.200195,4563.0,4563.0,1373074200.0
2010-08-11,4554.799805,4555.5,4479.600098,4479.600098,4479.600098,1204136800.0
2010-08-12,4462.399902,4462.399902,4405.5,4422.399902,4422.399902,1612453500.0
2010-08-13,4423.600098,4480.899902,4416.600098,4480.899902,4480.899902,1417142000.0
2010-08-16,4470.700195,4476.299805,4430.399902,4465.399902,4465.399902,1103820900.0
2010-08-17,4465.200195,4510.899902,4453.799805,4503.200195,4503.200195,1190445300.0
2010-08-18,4489.700195,4523.700195,4488.700195,4503.899902,4503.899902,1565577000.0
2010-08-19,4497.700195,4509.600098,4487.5,4509.600098,4509.600098,1556832800.0
2010-08-20,4498.5,4499.299805,4442.799805,4462.100098,4462.100098,1378337400.0
2010-08-23,4463.899902,4470.700195,4449.899902,4460.5,4460.5,1116593100.0
2010-08-24,4454.600098,4454.600098,4415.600098,4418.399902,4418.399902,1337837700.0
2010-08-25,4407.5,4407.5,4350.799805,4356.600098,4356.600098,1584512200.0
2010-08-26,4361.0,4389.399902,4356.5,4389.399902,4389.399902,1617259100.0
2010-08-27,4382.5,4411.0,4366.399902,4404.100098,4404.100098,1435900000.0
2010-08-30,4414.200195,4486.100098,4412.799805,4483.100098,4483.100098,1210599000.0
2010-08-31,4470.799805,4473.299805,4438.200195,4438.799805,4438.799805,1320041900.0
2010-09-01,4447.0,4531.200195,4447.0,4526.799805,4526.799805,1494033400.0
2010-09-02,4542.399902,4583.200195,4542.399902,4563.0,4563.0,1324218300.0
2010-09-03,4567.100098,4589.100098,4565.100098,4577.600098,4577.600098,1334146600.0
2010-09-06,4583.399902,4615.700195,4583.100098,4615.700195,4615.700195,1211705400.0
2010-09-07,4611.299805,4629.700195,4596.899902,4613.0,4613.0,1235891500.0
2010-09-08,4601.799805,4607.200195,4574.600098,4578.299805,4578.299805,1247295200.0
2010-09-09,4581.200195,4631.200195,4580.899902,4621.299805,4621.299805,1468058200.0
2010-09-10,4622.0,4635.100098,4600.5,4600.700195,4600.700195,1207784200.0
2010-09-13,4613.299805,4660.899902,4612.700195,4654.200195,4654.200195,1433713600.0
2010-09-14,4661.399902,4688.899902,4661.100098,4669.100098,4669.100098,1422233600.0
2010-09-15,4670.100098,4710.5,4669.899902,4702.700195,4702.700195,1644565600.0
2010-09-16,4703.0,4707.700195,4648.899902,4650.0,4650.0,1813657000.0
2010-09-17,4657.700195,4692.5,4657.700195,4685.100098,4685.100098,1523846600.0
2010-09-20,4680.100098,4680.100098,4653.399902,4677.100098,4677.100098,976810700.0
2010-09-21,4684.399902,4710.0,4664.899902,4664.899902,4664.899902,1208798500.0
2010-09-22,4664.600098,4688.100098,4664.600098,4674.700195,4674.700195,1118938600.0
2010-09-23,4672.200195,4680.899902,4659.600098,4680.0,4680.0,1006270900.0
2010-09-24,4669.899902,4669.899902,4635.299805,4651.5,4651.5,1173677100.0
2010-09-27,4667.399902,4726.899902,4667.100098,4722.200195,4722.200195,1173132100.0
2010-09-28,4717.899902,4728.5,4705.299805,4717.0,4717.0,975119700.0
2010-09-29,4722.700195,4743.299805,4693.0,4694.0,4694.0,1339915900.0
2010-09-30,4694.5,4698.0,4636.899902,4636.899902,4636.899902,1543750200.0
2010-10-01,4645.5,4667.600098,4616.200195,4634.700195,4634.700195,961865300.0
2010-10-03,4641.700195,4694.600098,4641.5,4678.399902,4678.399902,640369800.0
2010-10-04,4667.5,4672.299805,4615.0,4660.600098,4660.600098,1087811100.0
2010-10-05,4673.5,4744.299805,4673.5,4738.0,4738.0,1442305900.0
2010-10-06,4740.5,4750.399902,4721.200195,4746.200195,4746.200195,1302998700.0
2010-10-07,4740.299805,4746.399902,4724.100098,4740.5,4740.5,1117332300.0
2010-10-10,4745.600098,4773.5,4745.600098,4762.100098,4762.100098,1218324100.0
2010-10-11,4756.5,4756.600098,4686.0,4686.299805,4686.299805,1244430700.0
2010-10-12,4693.899902,4724.399902,4689.899902,4691.100098,4691.100098,1226222400.0
2010-10-13,4705.5,4767.799805,4705.5,4765.899902,4765.899902,1505026000.0
2010-10-14,4759.100098,4763.899902,4730.899902,4758.200195,4758.200195,1252454500.0
2010-10-17,4758.299805,4758.299805,4711.200195,4723.399902,4723.399902,1099311600.0
2010-10-18,4729.5,4751.899902,4727.299805,4727.299805,4727.299805,1619097200.0
2010-10-19,4714.399902,4714.399902,4652.700195,4694.5,4694.5,1387970300.0
2010-10-20,4705.399902,4730.899902,4694.799805,4696.399902,4696.399902,1395443200.0
2010-10-21,4700.399902,4719.600098,4695.700195,4719.600098,4719.600098,1069061900.0
2010-10-24,4716.5,4794.5,4713.899902,4780.600098,4780.600098,1158757100.0
2010-10-25,4780.399902,4783.100098,4758.299805,4761.5,4761.5,1168982900.0
2010-10-26,4759.100098,4770.600098,4713.799805,4720.5,4720.5,1617114500.0
2010-10-27,4728.0,4766.600098,4727.399902,4752.799805,4752.799805,1258892800.0
2010-10-28,4757.100098,4761.200195,4726.5,4733.399902,4733.399902,1592405800.0
2010-10-31,4737.100098,4776.299805,4736.5,4770.899902,4770.899902,1051732700.0
2010-11-01,4768.700195,4777.299805,4751.899902,4773.200195,4773.200195,1808638200.0
2010-11-02,4776.700195,4804.100098,4774.799805,4793.799805,4793.799805,970859400.0
2010-11-03,4788.899902,4826.5,4788.100098,4817.5,4817.5,1206275400.0
2010-11-04,4839.5,4885.700195,4838.799805,4872.899902,4872.899902,1543690100.0
2010-11-07,4874.5,4885.0,4852.0,4855.299805,4855.299805,1204565700.0
2010-11-08,4848.700195,4852.0,4812.399902,4820.799805,4820.799805,1567888600.0
2010-11-09,4820.700195,4831.399902,4767.399902,4779.5,4779.5,1271884600.0
2010-11-10,4784.899902,4819.700195,4783.600098,4810.299805,4810.299805,1318399700.0
2010-11-11,4810.200195,4815.700195,4767.899902,4778.799805,4778.799805,1419277300.0
2010-11-14,4780.0,4797.299805,4767.200195,4773.299805,4773.299805,1081575400.0
2010-11-15,4781.399902,4792.799805,4755.399902,4782.799805,4782.799805,1260509900.0
2010-11-16,4762.299805,4762.299805,4703.399902,4705.100098,4705.100098,1262756100.0
2010-11-17,4705.600098,4725.700195,4694.600098,4722.799805,4722.799805,1356682300.0
2010-11-18,4732.0,4758.299805,4704.0,4717.700195,4717.700195,1132910300.0
2010-11-21,4726.399902,4758.700195,4725.5,4731.799805,4731.799805,1098302800.0
2010-11-22,4727.5,4728.5,4675.0,4676.899902,4676.899902,1546242200.0
2010-11-23,4669.799805,4673.200195,4638.299805,4673.200195,4673.200195,1530358600.0
2010-11-24,4682.799805,4695.200195,4673.399902,4683.299805,4683.299805,1545156600.0
2010-11-25,4688.200195,4706.600098,4685.600098,4690.200195,4690.200195,1164215200.0
2010-11-28,4686.700195,4710.5,4649.299805,4706.700195,4706.700195,1071403700.0
2010-11-29,4705.0,4705.0,4675.5,4676.399902,4676.399902,1478427000.0
2010-11-30,4673.700195,4678.399902,4649.100098,4676.799805,4676.799805,1159533600.0
2010-12-01,4693.0,4770.799805,4692.600098,4761.799805,4761.799805,1315429200.0
2010-12-02,4772.600098,4801.100098,4769.700195,4780.100098,4780.100098,989638600.0
2010-12-05,4782.299805,4794.200195,4778.100098,4779.399902,4779.399902,1145833400.0
2010-12-06,4782.5,4825.5,4781.600098,4816.0,4816.0,1406997000.0
2010-12-07,4815.600098,4815.600098,4787.5,4791.700195,4791.700195,1254809400.0
2010-12-08,4794.0,4832.899902,4793.5,4827.5,4827.5,1404290100.0
2010-12-09,4826.100098,4834.700195,4819.0,4830.0,4830.0,1453342700.0
2010-12-12,4833.899902,4858.899902,4833.399902,4841.200195,4841.200195,1330947600.0
2010-12-13,4844.5,4857.399902,4842.299805,4850.899902,4850.899902,1319725100.0
2010-12-14,4851.0,4864.600098,4842.899902,4853.399902,4853.399902,1331442900.0
2010-12-15,4850.700195,4869.0,4840.5,4868.799805,4868.799805,1438964100.0
2010-12-16,4868.5,4868.5,4853.0,4853.0,4853.0,1355881400.0
2010-12-19,4853.799805,4868.600098,4829.200195,4829.200195,4829.200195,985073000.0
2010-12-20,4834.299805,4872.100098,4833.899902,4862.5,4862.5,1100037800.0
2010-12-21,4866.299805,4876.799805,4859.899902,4869.600098,4869.600098,883900200.0
2010-12-22,4870.700195,4899.299805,4869.5,4888.200195,4888.200195,861632800.0
2010-12-23,4882.399902,4886.700195,4859.100098,4868.299805,4868.299805,727297400.0
2010-12-28,4861.100098,4877.299805,4850.899902,4871.600098,4871.600098,791331400.0
2010-12-29,4874.0,4895.100098,4873.299805,4886.700195,4886.700195,726191200.0
2010-12-30,4884.399902,4885.100098,4846.899902,4846.899902,4846.899902,450443000.0
2011-01-03,4858.5,4875.700195,4836.200195,4849.5,4849.5,1032423100.0
2011-01-04,4846.100098,4854.399902,4811.200195,4820.899902,4820.899902,1075484200.0
2011-01-05,4823.200195,4836.299805,4803.700195,4831.100098,4831.100098,938336800.0
2011-01-06,4824.399902,4825.399902,4798.899902,4812.0,4812.0,1012783900.0
2011-01-09,4809.5,4820.700195,4794.600098,4818.700195,4818.700195,746296200.0
2011-01-10,4816.0,4818.0,4798.799805,4814.899902,4814.899902,1059187000.0
2011-01-11,4822.100098,4831.899902,4815.5,4831.899902,4831.899902,1120727700.0
2011-01-12,4843.0,4901.5,4842.799805,4901.5,4901.5,1194404600.0
2011-01-13,4896.399902,4909.299805,4891.299805,4908.600098,4908.600098,881335600.0
2011-01-16,4909.799805,4913.5,4864.799805,4872.600098,4872.600098,849583800.0
2011-01-17,4872.0,4916.600098,4870.799805,4911.600098,4911.600098,1024114100.0
2011-01-18,4914.100098,4948.299805,4901.200195,4944.200195,4944.200195,1176352400.0
2011-01-19,4933.200195,4933.600098,4889.399902,4892.0,4892.0,1195226300.0
2011-01-20,4886.399902,4901.100098,4847.100098,4860.899902,4860.899902,1339715500.0
2011-01-23,4860.799805,4893.399902,4857.299805,4888.100098,4888.100098,1065290700.0
2011-01-24,4891.100098,4925.0,4891.100098,4909.0,4909.0,1092876800.0
2011-01-26,4912.899902,4916.0,4899.200195,4907.0,4907.0,1197531800.0
2011-01-27,4904.799805,4905.0,4854.899902,4872.5,4872.5,1176393500.0
2011-01-30,4857.600098,4857.600098,4816.100098,4850.0,4850.0,990059600.0
2011-01-31,4854.299805,4864.399902,4849.700195,4852.0,4852.0,1218983100.0
2011-02-01,4866.899902,4907.899902,4866.899902,4897.899902,4897.899902,1388297300.0
2011-02-02,4903.299805,4922.100098,4892.5,4919.299805,4919.299805,1158561200.0
2011-02-03,4924.200195,4965.600098,4923.5,4958.799805,4958.799805,1357542400.0
2011-02-06,4956.700195,4966.100098,4955.799805,4964.299805,4964.299805,969420800.0
2011-02-07,4971.0,4985.600098,4968.600098,4983.100098,4983.100098,1243248300.0
2011-02-08,4991.5,5020.799805,4990.899902,4995.100098,4995.100098,1437053100.0
2011-02-09,4992.600098,5002.600098,4992.5,5001.700195,5001.700195,1180706000.0
2011-02-10,4997.200195,4997.200195,4970.600098,4970.600098,4970.600098,1082816100.0
2011-02-13,4980.100098,5025.200195,4975.5,5023.399902,5023.399902,1097278400.0
2011-02-14,5023.899902,5026.799805,5008.399902,5019.399902,5019.399902,0.0
2011-02-15,5013.200195,5027.0,5007.5,5018.600098,5018.600098,1075033800.0
2011-02-16,5022.100098,5032.200195,5021.0,5026.0,5026.0,1366372600.0
2011-02-17,5018.200195,5028.0,5015.200195,5026.100098,5026.100098,1108210800.0
2011-02-20,5014.700195,5015.5,4973.5,4990.899902,4990.899902,1196569900.0
2011-02-21,5002.899902,5006.399902,4945.299805,4947.299805,4947.299805,1148415700.0
2011-02-22,4939.799805,4943.299805,4921.299805,4935.600098,4935.600098,1382828600.0
2011-02-23,4929.799805,4930.399902,4896.700195,4901.100098,4901.100098,1305370200.0
2011-02-24,4896.299805,4933.399902,4889.899902,4924.899902,4924.899902,1254648100.0
2011-02-27,4927.899902,4930.5,4908.5,4923.600098,4923.600098,725809400.0
2011-02-28,4930.899902,4948.0,4920.399902,4920.399902,4920.399902,1464687500.0
2011-03-01,4912.799805,4913.0,4876.600098,4898.299805,4898.299805,1617137000.0
2011-03-02,4901.0,4909.299805,4888.100098,4902.799805,4902.799805,1804419800.0
2011-03-03,4916.0,4958.600098,4915.799805,4958.600098,4958.600098,1513753500.0
2011-03-06,4946.799805,4948.299805,4891.799805,4895.899902,4895.899902,1419082700.0
2011-03-07,4893.5,4907.600098,4871.399902,4902.5,4902.5,1312428400.0
2011-03-08,4901.5,4904.100098,4854.899902,4863.200195,4863.200195,1211416500.0
2011-03-09,4858.0,4867.200195,4790.200195,4791.299805,4791.299805,1597768000.0
2011-03-10,4778.700195,4779.399902,4721.399902,4734.799805,4734.799805,1661477400.0
2011-03-14,4707.5,4708.899902,4563.799805,4609.899902,4609.899902,1864631000.0
2011-03-15,4612.5,4664.399902,4609.299805,4644.0,4644.0,1971024600.0
2011-03-16,4633.0,4642.799805,4559.200195,4638.399902,4638.399902,2063064400.0
2011-03-17,4652.600098,4722.299805,4651.799805,4715.799805,4715.799805,2653211200.0
2011-03-20,4715.100098,4734.100098,4699.100098,4734.100098,4734.100098,1745673000.0
2011-03-21,4739.600098,4769.799805,4731.799805,4737.700195,4737.700195,1413237600.0
2011-03-22,4735.600098,4760.5,4732.700195,4746.5,4746.5,1233310700.0
2011-03-23,4753.5,4794.200195,4753.5,4794.200195,4794.200195,1138010300.0
2011-03-24,4799.600098,4858.799805,4799.600098,4840.299805,4840.299805,1404132800.0
2011-03-27,4832.600098,4841.399902,4822.299805,4831.899902,4831.899902,905306800.0
2011-03-28,4828.899902,4852.100098,4818.200195,4851.200195,4851.200195,1194911200.0
2011-03-29,4857.799805,4928.5,4857.799805,4912.700195,4912.700195,1390819400.0
2011-03-30,4918.600098,4935.5,4903.600098,4928.600098,4928.600098,1461228800.0
2011-03-31,4927.899902,4969.600098,4927.899902,4954.600098,4954.600098,1155366300.0
2011-04-04,4961.200195,4997.899902,4961.200195,4984.700195,4984.700195,1268259900.0
2011-04-05,4989.799805,5004.100098,4989.799805,4998.600098,4998.600098,1297423300.0
2011-04-06,4997.799805,5011.700195,4988.899902,5011.399902,5011.399902,1432737200.0
2011-04-07,5013.0,5022.799805,4998.299805,5005.5,5005.5,1283753300.0
2011-04-08,5002.299805,5037.100098,5000.600098,5036.5,5036.5,1128777300.0
2011-04-11,5039.100098,5069.5,5036.799805,5064.899902,5064.899902,1204453200.0
2011-04-12,5055.899902,5058.899902,4982.799805,4990.200195,4990.200195,1388768100.0
2011-04-13,4979.5,5005.799805,4964.299805,4999.600098,4999.600098,1354843400.0
2011-04-14,4988.399902,4989.299805,4948.899902,4972.399902,4972.399902,1138219600.0
2011-04-15,4969.5,4976.5,4939.299805,4939.299805,4939.299805,1021922600.0
2011-04-18,4939.799805,4965.600098,4927.5,4945.399902,4945.399902,1023736000.0
2011-04-19,4930.200195,4930.200195,4869.299805,4874.299805,4874.299805,1153262400.0
2011-04-20,4882.5,4940.200195,4882.5,4940.200195,4940.200195,1063603900.0
2011-04-21,4951.5,4996.5,4950.5,4995.700195,4995.700195,942252600.0
2011-04-27,5001.100098,5012.299805,4951.299805,4954.0,4954.0,1218091500.0
2011-04-28,4958.799805,4990.899902,4951.299805,4952.299805,4952.299805,1258338900.0
2011-04-29,4954.100098,4954.100098,4872.700195,4899.0,4899.0,1484296500.0
2011-05-02,4901.399902,4909.899902,4838.100098,4896.200195,4896.200195,1172871800.0
2011-05-03,4883.5,4883.5,4840.5,4854.700195,4854.700195,1291495100.0
2011-05-04,4850.100098,4850.200195,4805.0,4813.799805,4813.799805,1411258000.0
2011-05-05,4810.0,4831.0,4790.0,4828.899902,4828.899902,1407824800.0
2011-05-06,4810.700195,4832.600098,4786.799805,4816.100098,4816.100098,1427948900.0
2011-05-09,4824.700195,4867.899902,4824.700195,4831.700195,4831.700195,1003853500.0
2011-05-10,4835.5,4857.600098,4803.600098,4803.600098,4803.600098,1220271800.0
2011-05-11,4816.399902,4861.200195,4816.399902,4858.200195,4858.200195,1213593900.0
2011-05-12,4836.100098,4836.200195,4776.600098,4776.600098,4776.600098,1512026300.0
2011-05-13,4779.100098,4792.5,4754.700195,4787.299805,4787.299805,1110034800.0
2011-05-16,4770.100098,4770.700195,4718.100098,4724.200195,4724.200195,1049508400.0
2011-05-17,4731.100098,4753.799805,4721.399902,4753.0,4753.0,1112584900.0
2011-05-18,4750.100098,4774.600098,4747.299805,4765.299805,4765.299805,1165716500.0
2011-05-19,4775.899902,4833.899902,4775.899902,4828.200195,4828.200195,1415495100.0
2011-05-20,4818.299805,4818.5,4802.899902,4807.700195,4807.700195,1058084400.0
2011-05-23,4797.700195,4797.700195,4722.899902,4722.899902,4722.899902,1022502600.0
2011-05-24,4718.299805,4720.0,4676.200195,4708.299805,4708.299805,1214564800.0
2011-05-25,4712.100098,4713.200195,4661.100098,4661.600098,4661.600098,1224193200.0
2011-05-26,4676.100098,4735.100098,4675.5,4735.100098,4735.100098,1337711400.0
2011-05-27,4734.799805,4764.200195,4727.200195,4760.299805,4760.299805,1058675000.0
2011-05-30,4760.899902,4761.399902,4739.600098,4746.100098,4746.100098,882819400.0
2011-05-31,4750.5,4796.0,4749.700195,4788.899902,4788.899902,1506238800.0
2011-06-01,4791.600098,4804.100098,4776.5,4788.600098,4788.600098,1172898300.0
2011-06-02,4769.399902,4770.0,4675.100098,4683.200195,4683.200195,1225446500.0
2011-06-03,4685.0,4696.100098,4661.799805,4666.600098,4666.600098,1032485200.0
2011-06-06,4661.5,4661.5,4635.799805,4648.700195,4648.700195,938867000.0
2011-06-07,4641.100098,4648.700195,4609.5,4641.100098,4641.100098,1229318300.0
2011-06-08,4646.200195,4648.799805,4591.799805,4608.700195,4608.700195,1220747400.0
2011-06-09,4607.0,4629.0,4592.799805,4621.700195,4621.700195,1353062600.0
2011-06-10,4628.700195,4660.5,4625.399902,4634.899902,4634.899902,1062709200.0
2011-06-14,4623.799805,4657.299805,4582.299805,4651.100098,4651.100098,1244515900.0
2011-06-15,4650.700195,4656.700195,4624.899902,4635.399902,4635.399902,1286111800.0
2011-06-16,4617.700195,4619.100098,4546.700195,4546.700195,4546.700195,1725467000.0
2011-06-17,4553.399902,4589.600098,4532.899902,4551.100098,4551.100098,1921973600.0
2011-06-20,4553.399902,4583.600098,4512.5,4512.5,4512.5,1309021200.0
2011-06-21,4524.600098,4565.700195,4523.799805,4565.200195,4565.200195,1276560100.0
2011-06-22,4579.299805,4622.0,4579.100098,4590.799805,4590.799805,1405206700.0
2011-06-23,4585.600098,4599.399902,4560.5,4561.399902,4561.399902,1376307300.0
2011-06-24,4562.600098,4576.799805,4549.100098,4565.0,4565.0,1404596100.0
2011-06-27,4559.299805,4559.5,4508.0,4513.799805,4513.799805,1254267100.0
2011-06-28,4527.399902,4553.5,4513.299805,4523.200195,4523.200195,1225724700.0
2011-06-29,4538.200195,4582.299805,4538.200195,4579.799805,4579.799805,1185189700.0
2011-06-30,4586.5,4660.600098,4586.399902,4659.799805,4659.799805,1411231700.0
2011-07-01,4664.0,4675.799805,4634.399902,4647.899902,4647.899902,1211545400.0
2011-07-04,4658.600098,4695.799805,4658.600098,4670.399902,4670.399902,1066313900.0
2011-07-05,4676.899902,4686.5,4652.200195,4656.899902,4656.899902,924218000.0
2011-07-06,4659.899902,4671.399902,4640.600098,4663.600098,4663.600098,1024282100.0
2011-07-07,4660.700195,4676.799805,4645.600098,4666.100098,4666.100098,855405200.0
2011-07-08,4675.100098,4717.5,4675.0,4716.0,4716.0,1214604300.0
2011-07-11,4703.899902,4703.899902,4644.700195,4646.799805,4646.799805,1265247100.0
2011-07-12,4636.299805,4636.299805,4560.5,4563.5,4563.5,1961546000.0
2011-07-13,4567.100098,4595.700195,4556.0,4583.200195,4583.200195,1339244900.0
2011-07-14,4583.700195,4583.700195,4537.899902,4561.299805,4561.299805,1540286500.0
2011-07-15,4547.299805,4555.200195,4525.100098,4542.700195,4542.700195,1044752900.0
2011-07-18,4542.299805,4544.899902,4520.100098,4539.899902,4539.899902,1025761000.0
2011-07-19,4530.5,4550.700195,4515.299805,4539.399902,4539.399902,1125987700.0
2011-07-20,4555.5,4618.399902,4554.799805,4618.399902,4618.399902,1250187700.0
2011-07-21,4620.0,4644.700195,4620.0,4626.200195,4626.200195,1136018800.0
2011-07-22,4634.899902,4681.0,4634.899902,4674.100098,4674.100098,1255075500.0
2011-07-25,4667.399902,4667.5,4603.299805,4603.799805,4603.799805,1313963100.0
2011-07-26,4609.200195,4653.5,4609.100098,4646.299805,4646.299805,1215422000.0
2011-07-27,4638.700195,4643.200195,4611.799805,4612.600098,4612.600098,1192609800.0
2011-07-28,4594.799805,4595.0,4539.100098,4539.200195,4539.200195,1259202700.0
2011-07-29,4541.700195,4543.600098,4496.700195,4500.5,4500.5,1325159800.0
2011-08-02,4556.5,4556.700195,4506.899902,4510.299805,4510.299805,986185200.0
2011-08-03,4484.5,4484.5,4404.200195,4408.299805,4408.299805,1378977800.0
2011-08-04,4412.799805,4433.200195,4352.5,4352.899902,4352.899902,1412524100.0
2011-08-05,4302.399902,4302.399902,4150.700195,4169.700195,4169.700195,2376222800.0
2011-08-08,4144.299805,4151.700195,4053.300049,4056.699951,4056.699951,1909732800.0
2011-08-09,4021.699951,4103.299805,3829.399902,4096.700195,4096.700195,2557758400.0
2011-08-10,4132.600098,4227.799805,4132.600098,4207.399902,4207.399902,1876116800.0
2011-08-11,4176.5,4229.0,4123.899902,4203.5,4203.5,1674917300.0
2011-08-12,4217.899902,4280.5,4217.5,4237.899902,4237.899902,1463056100.0
2011-08-15,4256.799805,4346.799805,4254.700195,4346.799805,4346.799805,1172996200.0
2011-08-16,4349.100098,4364.799805,4309.100098,4317.299805,4317.299805,1257496800.0
2011-08-17,4320.100098,4390.5,4317.5,4371.799805,4371.799805,1158775700.0
2011-08-18,4369.700195,4374.0,4313.700195,4319.399902,4319.399902,1373065800.0
2011-08-19,4281.799805,4283.100098,4169.700195,4171.899902,4171.899902,1435394000.0
2011-08-22,4169.5,4229.399902,4145.299805,4150.799805,4150.799805,1393793100.0
2011-08-23,4154.299805,4239.899902,4154.299805,4239.799805,4239.799805,1467679900.0
2011-08-24,4252.100098,4304.899902,4230.200195,4235.700195,4235.700195,1212711300.0
2011-08-25,4248.399902,4299.0,4248.399902,4280.5,4280.5,1368300800.0
2011-08-26,4274.899902,4297.100098,4267.200195,4271.0,4271.0,1237122500.0
2011-08-29,4279.799805,4352.600098,4279.799805,4333.700195,4333.700195,1044239000.0
2011-08-30,4344.5,4378.200195,4335.600098,4341.399902,4341.399902,1169958900.0
2011-08-31,4341.799805,4369.899902,4328.200195,4369.899902,4369.899902,1249338000.0
2011-09-01,4371.600098,4425.399902,4371.600098,4382.700195,4382.700195,1471553800.0
2011-09-02,4371.299805,4371.299805,4305.5,4321.5,4321.5,1030563000.0
2011-09-05,4302.100098,4303.0,4218.399902,4224.200195,4224.200195,1031859200.0
2011-09-06,4206.700195,4206.700195,4157.299805,4160.700195,4160.700195,1165443200.0
2011-09-07,4180.399902,4262.899902,4180.399902,4262.899902,4262.899902,1182384000.0
2011-09-08,4274.700195,4297.899902,4243.799805,4269.799805,4269.799805,1218056200.0
2011-09-09,4268.0,4311.399902,4264.399902,4277.399902,4277.399902,958563400.0
2011-09-12,4254.5,4255.100098,4125.100098,4125.100098,4125.100098,1101636000.0
2011-09-13,4137.5,4178.799805,4136.200195,4158.399902,4158.399902,1239129100.0
2011-09-14,4161.899902,4193.100098,4083.300049,4090.399902,4090.399902,1378743300.0
2011-09-15,4113.0,4181.600098,4110.100098,4153.200195,4153.200195,1402248000.0
2011-09-16,4165.600098,4236.600098,4165.600098,4229.899902,4229.899902,1780920800.0
2011-09-19,4221.399902,4222.700195,4155.0,4164.100098,4164.100098,852635200.0
2011-09-20,4160.0,4164.200195,4113.399902,4124.799805,4124.799805,910765200.0
2011-09-21,4133.399902,4154.799805,4111.0,4153.600098,4153.600098,1194655300.0
2011-09-22,4128.799805,4128.899902,4034.0,4044.699951,4044.699951,1664628400.0
2011-09-23,4025.899902,4037.100098,3957.300049,3978.5,3978.5,1808530400.0
2011-09-26,3991.199951,4025.600098,3926.5,3927.600098,3927.600098,1550179800.0
2011-09-27,3952.199951,4063.5,3950.399902,4063.5,4063.5,1617425800.0
2011-09-28,4070.800049,4111.799805,4069.300049,4097.700195,4097.700195,1595424500.0
2011-09-29,4081.399902,4083.199951,4023.5,4067.899902,4067.899902,1259908400.0
2011-09-30,4073.800049,4094.100098,4043.800049,4070.100098,4070.100098,2591729200.0
2011-10-03,3955.399902,3965.199951,3905.199951,3935.600098,3935.600098,1452371500.0
2011-10-04,3957.899902,4013.600098,3954.800049,3992.5,3992.5,1609227100.0
2011-10-05,4007.5,4132.100098,4007.5,4132.100098,4132.100098,1322706500.0
2011-10-06,4144.5,4242.399902,4144.5,4225.0,4225.0,1523854900.0
2011-10-09,4219.899902,4277.0,4210.600098,4262.299805,4262.299805,997685200.0
2011-10-10,4275.5,4306.600098,4267.700195,4288.799805,4288.799805,1118784500.0
2011-10-11,4277.100098,4277.299805,4231.299805,4266.399902,4266.399902,1005829000.0
2011-10-12,4277.600098,4316.899902,4269.700195,4306.0,4306.0,1149627700.0
2011-10-13,4295.399902,4295.399902,4260.100098,4269.0,4269.0,792788000.0
2011-10-16,4283.700195,4348.100098,4283.0,4337.899902,4337.899902,744104400.0
2011-10-17,4319.200195,4319.200195,4249.399902,4249.5,4249.5,842915800.0
2011-10-18,4257.899902,4293.5,4256.100098,4274.799805,4274.799805,963180200.0
2011-10-19,4263.5,4264.0,4199.399902,4206.799805,4206.799805,901825400.0
2011-10-20,4207.700195,4228.299805,4193.5,4203.399902,4203.399902,835319400.0
2011-10-23,4216.0,4322.0,4215.899902,4313.600098,4313.600098,794128000.0
2011-10-24,4325.5,4326.299805,4273.399902,4287.700195,4287.700195,958505400.0
2011-10-25,4274.299805,4314.399902,4235.100098,4300.799805,4300.799805,950914400.0
2011-10-26,4305.100098,4407.5,4300.700195,4403.899902,4403.899902,791371600.0
2011-10-27,4420.700195,4472.200195,4398.600098,4411.399902,4411.399902,1393983500.0
2011-10-30,4407.700195,4416.600098,4360.5,4360.5,4360.5,992059600.0
2011-11-01,4281.799805,4282.600098,4209.0,4251.299805,4251.299805,1000377000.0
2011-11-02,4258.200195,4277.799805,4213.100098,4237.5,4237.5,994236600.0
2011-11-03,4263.5,4343.0,4263.5,4342.5,4342.5,972119600.0
2011-11-06,4343.0,4348.399902,4315.600098,4335.299805,4335.299805,699631200.0
2011-11-07,4343.399902,4362.299805,4337.100098,4356.700195,4356.700195,773668200.0
2011-11-08,4372.299805,4424.0,4372.299805,4406.200195,4406.200195,977427200.0
2011-11-09,4369.799805,4369.799805,4270.299805,4307.299805,4307.299805,1412260500.0
2011-11-10,4308.5,4358.600098,4308.5,4358.600098,4358.600098,915071600.0
2011-11-13,4371.299805,4423.899902,4369.100098,4369.100098,4369.100098,820872600.0
2011-11-14,4364.600098,4366.399902,4342.100098,4351.5,4351.5,910526800.0
2011-11-15,4356.5,4372.200195,4313.799805,4313.799805,4313.799805,898341200.0
2011-11-16,4312.399902,4341.299805,4293.399902,4324.100098,4324.100098,918693000.0
2011-11-17,4305.899902,4306.700195,4242.299805,4246.700195,4246.700195,846892400.0
2011-11-20,4242.5,4251.299805,4212.399902,4233.600098,4233.600098,854768000.0
2011-11-21,4219.0,4220.899902,4166.0,4204.200195,4204.200195,1083360900.0
2011-11-22,4197.0,4197.799805,4125.799805,4125.799805,4125.799805,1013926500.0
2011-11-23,4124.0,4141.5,4101.5,4115.299805,4115.299805,1284224300.0
2011-11-24,4114.100098,4114.100098,4047.399902,4057.600098,4057.600098,1166514200.0
2011-11-27,4069.0,4138.100098,4068.699951,4125.799805,4125.799805,1032192800.0
2011-11-28,4132.0,4167.299805,4109.299805,4167.299805,4167.299805,1066210400.0
2011-11-29,4163.899902,4184.700195,4145.700195,4184.700195,4184.700195,1630384700.0
2011-11-30,4218.799805,4299.5,4218.799805,4288.100098,4288.100098,1382634100.0
2011-12-01,4285.200195,4346.299805,4285.200195,4346.299805,4346.299805,1206862800.0
2011-12-04,4350.600098,4391.299805,4350.600098,4379.5,4379.5,1120695400.0
2011-12-05,4375.5,4376.100098,4316.200195,4321.600098,4321.600098,947725600.0
2011-12-06,4331.200195,4373.5,4331.100098,4351.299805,4351.299805,847617000.0
2011-12-07,4348.0,4349.700195,4330.799805,4338.899902,4338.899902,982986400.0
2011-12-08,4319.600098,4320.200195,4248.5,4264.100098,4264.100098,917995600.0
2011-12-11,4281.600098,4331.700195,4281.200195,4311.399902,4311.399902,833469400.0
2011-12-12,4295.600098,4295.600098,4240.799805,4251.700195,4251.700195,922301600.0
2011-12-13,4243.799805,4259.799805,4227.5,4249.799805,4249.799805,880720600.0
2011-12-14,4239.700195,4239.700195,4175.100098,4197.799805,4197.799805,1315231800.0
2011-12-15,4200.100098,4224.299805,4198.799805,4218.799805,4218.799805,1227678300.0
2011-12-18,4208.100098,4208.299805,4113.600098,4113.899902,4113.899902,1029751500.0
2011-12-19,4113.799805,4128.5,4103.100098,4107.100098,4107.100098,878892400.0
2011-12-20,4126.200195,4198.200195,4126.200195,4190.200195,4190.200195,1027746400.0
2011-12-21,4184.399902,4185.0,4136.299805,4142.200195,4142.200195,788964800.0
2011-12-22,4153.5,4192.100098,4153.5,4192.100098,4192.100098,570899000.0
2011-12-27,4191.299805,4193.700195,4139.5,4141.700195,4141.700195,429540400.0
2011-12-28,4135.299805,4135.299805,4091.600098,4123.100098,4123.100098,479293800.0
2011-12-29,4128.5,4140.899902,4109.5,4111.0,4111.0,349294400.0
2012-01-02,4123.299805,4160.600098,4122.600098,4155.200195,4155.200195,439899600.0
2012-01-03,4175.899902,4254.0,4175.700195,4239.5,4239.5,806516200.0
2012-01-04,4231.700195,4231.700195,4186.700195,4196.600098,4196.600098,645734400.0
2012-01-05,4194.200195,4198.200195,4164.0,4164.5,4164.5,652275800.0
2012-01-08,4170.600098,4183.799805,4145.100098,4161.5,4161.5,639837000.0
2012-01-09,4169.299805,4208.600098,4169.299805,4206.600098,4206.600098,760923400.0
2012-01-10,4214.200195,4254.899902,4214.200195,4242.899902,4242.899902,804011200.0
2012-01-11,4245.5,4251.5,4226.0,4238.399902,4238.399902,724990200.0
2012-01-12,4246.899902,4261.799805,4244.899902,4255.399902,4255.399902,755501200.0
2012-01-15,4244.0,4245.399902,4201.5,4208.899902,4208.899902,660080800.0
2012-01-16,4220.100098,4277.700195,4219.299805,4277.700195,4277.700195,926949000.0
2012-01-17,4278.799805,4290.0,4262.799805,4280.600098,4280.600098,939774800.0
2012-01-18,4290.200195,4320.600098,4278.600098,4278.600098,4278.600098,1007868400.0
2012-01-19,4285.299805,4312.799805,4284.600098,4303.0,4303.0,1001973500.0
2012-01-22,4300.200195,4301.700195,4287.5,4287.600098,4287.600098,660306200.0
2012-01-23,4290.700195,4311.100098,4281.799805,4286.399902,4286.399902,737934600.0
2012-01-24,4289.5,4329.5,4289.200195,4329.100098,4329.100098,919214400.0
2012-01-26,4333.799805,4373.299805,4333.799805,4348.5,4348.5,898880800.0
2012-01-29,4347.0,4355.299805,4327.299805,4334.399902,4334.399902,763909400.0
2012-01-30,4332.700195,4348.899902,4323.799805,4325.700195,4325.700195,1018690900.0
2012-01-31,4322.399902,4328.100098,4291.0,4291.0,4291.0,1221422300.0
2012-02-01,4306.5,4349.0,4305.299805,4333.200195,4333.200195,1113003900.0
2012-02-02,4336.600098,4340.799805,4318.0,4320.100098,4320.100098,1031078300.0
2012-02-05,4334.600098,4377.5,4333.5,4364.600098,4364.600098,912430400.0
2012-02-06,4359.600098,4380.399902,4340.399902,4344.899902,4344.899902,979607200.0
2012-02-07,4340.200195,4367.100098,4340.200195,4363.700195,4363.700195,1174082000.0
2012-02-08,4356.899902,4357.5,4320.299805,4357.100098,4357.100098,1044951400.0
2012-02-09,4354.700195,4362.5,4322.600098,4322.600098,4322.600098,1059731800.0
2012-02-12,4321.899902,4362.799805,4320.899902,4359.399902,4359.399902,931936400.0
2012-02-13,4354.200195,4354.700195,4310.799805,4318.899902,4318.899902,1072698900.0
2012-02-14,4318.100098,4332.299805,4300.100098,4327.399902,4327.399902,1079238900.0
2012-02-15,4318.100098,4318.100098,4246.399902,4257.200195,4257.200195,1236966100.0
2012-02-16,4267.0,4288.700195,4264.0,4273.299805,4273.299805,961726600.0
2012-02-19,4289.299805,4332.799805,4286.899902,4332.799805,4332.799805,1000443900.0
2012-02-20,4335.0,4373.600098,4323.299805,4368.200195,4368.200195,1056628500.0
2012-02-21,4365.799805,4383.700195,4353.100098,4372.100098,4372.100098,1192074900.0
2012-02-22,4371.100098,4373.899902,4347.799805,4367.5,4367.5,1210551200.0
2012-02-23,4369.399902,4389.399902,4366.399902,4389.0,4389.0,1235710900.0
2012-02-26,4380.100098,4385.299805,4345.700195,4354.5,4354.5,1078737800.0
2012-02-27,4355.299805,4372.899902,4346.299805,4351.200195,4351.200195,1119814900.0
2012-02-28,4357.100098,4406.100098,4357.100098,4388.100098,4388.100098,1555847200.0
2012-02-29,4381.0,4381.0,4337.600098,4346.0,4346.0,1043666600.0
2012-03-01,4353.899902,4380.899902,4353.5,4364.100098,4364.100098,862698200.0
2012-03-04,4360.0,4364.200195,4343.600098,4354.200195,4354.200195,766396000.0
2012-03-05,4345.600098,4346.0,4293.100098,4295.5,4295.5,1101944100.0
2012-03-06,4285.0,4285.0,4234.399902,4234.399902,4234.399902,1157537300.0
2012-03-07,4242.100098,4266.299805,4237.700195,4262.200195,4262.200195,1137482900.0
2012-03-08,4270.600098,4303.700195,4270.399902,4300.5,4300.5,1123729500.0
2012-03-11,4303.0,4303.600098,4285.100098,4288.200195,4288.200195,808687600.0
2012-03-12,4294.200195,4341.799805,4293.700195,4336.5,4336.5,1040307300.0
2012-03-13,4348.600098,4382.600098,4348.200195,4375.600098,4375.600098,1131242600.0
2012-03-14,4371.200195,4371.200195,4354.299805,4366.899902,4366.899902,1354538700.0
2012-03-15,4367.5,4373.5,4354.600098,4364.700195,4364.700195,1751284800.0
2012-03-18,4370.600098,4397.899902,4369.799805,4381.200195,4381.200195,1066384900.0
2012-03-19,4382.799805,4383.0,4355.0,4365.600098,4365.600098,1082051600.0
2012-03-20,4357.0,4365.600098,4334.399902,4347.0,4347.0,1038875200.0
2012-03-21,4344.700195,4373.200195,4343.899902,4364.899902,4364.899902,1045932800.0
2012-03-22,4354.700195,4366.899902,4329.299805,4360.700195,4360.700195,973673800.0
2012-03-25,4360.200195,4380.700195,4355.200195,4355.200195,4355.200195,894068600.0
2012-03-26,4364.899902,4397.899902,4364.899902,4391.600098,4391.600098,1182755400.0
2012-03-27,4388.399902,4433.600098,4384.799805,4431.5,4431.5,1159175100.0
2012-03-28,4427.600098,4434.5,4414.600098,4422.0,4422.0,1147291700.0
2012-03-29,4423.899902,4443.0,4419.899902,4420.0,4420.0,1403223700.0
2012-04-02,4432.5,4460.700195,4414.100098,4416.399902,4416.399902,1144622300.0
2012-04-03,4422.899902,4437.700195,4415.299805,4424.399902,4424.399902,1074237700.0
2012-04-04,4416.299805,4425.0,4402.399902,4418.899902,4418.899902,1122709700.0
2012-04-05,4408.100098,4408.700195,4370.100098,4402.299805,4402.299805,942229400.0
2012-04-10,4393.0,4393.200195,4357.299805,4373.700195,4373.700195,800400200.0
2012-04-11,4362.799805,4362.799805,4327.299805,4327.299805,4327.299805,902003800.0
2012-04-12,4330.100098,4361.700195,4330.100098,4361.700195,4361.700195,868506600.0
2012-04-13,4374.299805,4410.700195,4374.299805,4404.200195,4404.200195,974279200.0
2012-04-16,4394.0,4394.100098,4368.600098,4382.5,4382.5,818239600.0
2012-04-17,4382.200195,4400.600098,4366.700195,4368.799805,4368.799805,850262800.0
2012-04-18,4380.5,4427.200195,4380.399902,4427.200195,4427.200195,887666200.0
2012-04-19,4428.200195,4453.700195,4425.600098,4441.299805,4441.299805,1063501400.0
2012-04-20,4437.899902,4445.600098,4432.100098,4444.399902,4444.399902,879490800.0
2012-04-23,4442.600098,4442.799805,4429.0,4430.299805,4430.299805,647529800.0
2012-04-24,4423.299805,4447.100098,4415.5,4433.899902,4433.899902,964892800.0
2012-04-26,4442.0,4466.200195,4438.399902,4445.0,4445.0,947348000.0
2012-04-27,4446.5,4455.600098,4433.399902,4433.399902,4433.399902,989977400.0
2012-04-30,4443.600098,4468.100098,4443.200195,4467.200195,4467.200195,817382600.0
2012-05-01,4468.799805,4515.0,4468.799805,4497.299805,4497.299805,1070743600.0
2012-05-02,4503.0,4513.200195,4496.899902,4504.799805,4504.799805,907010400.0
2012-05-03,4503.799805,4510.200195,4494.5,4494.5,4494.5,983662400.0
2012-05-04,4488.100098,4488.100098,4452.5,4459.399902,4459.399902,872010800.0
2012-05-07,4440.700195,4440.700195,4359.299805,4361.600098,4361.600098,1067633900.0
2012-05-08,4369.899902,4387.399902,4359.799805,4375.899902,4375.899902,941326800.0
2012-05-09,4372.200195,4372.899902,4316.399902,4332.200195,4332.200195,1128627600.0
2012-05-10,4327.299805,4353.799805,4327.299805,4353.799805,4353.799805,1014527600.0
2012-05-11,4354.200195,4359.299805,4333.100098,4342.700195,4342.700195,807140400.0
2012-05-14,4344.799805,4360.5,4340.399902,4351.899902,4351.899902,768859600.0
2012-05-15,4341.5,4341.5,4302.200195,4316.299805,4316.299805,1186575400.0
2012-05-16,4304.100098,4304.100098,4214.700195,4214.700195,4214.700195,1259938200.0
2012-05-17,4218.0,4233.299805,4187.200195,4208.5,4208.5,1177529900.0
2012-05-18,4193.100098,4193.100098,4079.399902,4098.799805,4098.799805,1256740300.0
2012-05-21,4104.700195,4137.700195,4093.800049,4124.399902,4124.399902,919429600.0
2012-05-22,4133.700195,4174.399902,4133.700195,4173.5,4173.5,995160800.0
2012-05-23,4170.299805,4170.299805,4118.799805,4118.799805,4118.799805,930042400.0
2012-05-24,4119.899902,4139.799805,4101.899902,4106.200195,4106.200195,928991200.0
2012-05-25,4107.600098,4121.0,4077.399902,4081.199951,4081.199951,852005800.0
2012-05-28,4081.199951,4122.200195,4081.199951,4120.200195,4120.200195,791810400.0
2012-05-29,4120.200195,4169.0,4092.399902,4168.200195,4168.200195,913256600.0
2012-05-30,4168.200195,4168.200195,4126.600098,4148.700195,4148.700195,814223400.0
2012-05-31,4148.700195,4148.700195,4092.5,4133.700195,4133.700195,1245041300.0
2012-06-01,4133.700195,4133.700195,4088.399902,4116.899902,4116.899902,910210000.0
2012-06-04,4116.899902,4116.899902,4033.399902,4033.399902,4033.399902,957333400.0
2012-06-05,4033.399902,4095.199951,4033.399902,4092.399902,4092.399902,958341000.0
2012-06-06,4092.399902,4112.200195,4086.100098,4104.700195,4104.700195,870932600.0
2012-06-07,4104.700195,4166.5,4104.700195,4156.700195,4156.700195,1108760200.0
2012-06-08,4156.700195,4168.200195,4103.200195,4111.200195,4111.200195,1186877700.0
2012-06-12,4111.200195,4131.200195,4108.700195,4118.299805,4118.299805,1058826700.0
2012-06-13,4118.299805,4132.799805,4095.699951,4111.5,4111.5,826509600.0
2012-06-14,4111.5,4111.5,4074.399902,4089.800049,4089.800049,770840800.0
2012-06-15,4089.800049,4110.399902,4083.5,4107.0,4107.0,1158625500.0
2012-06-18,4107.0,4185.100098,4107.0,4183.899902,4183.899902,1011712200.0
2012-06-19,4183.899902,4183.899902,4151.0,4167.399902,4167.399902,754080200.0
2012-06-20,4167.399902,4202.600098,4167.399902,4176.799805,4176.799805,1151098300.0
2012-06-21,4176.799805,4180.399902,4131.100098,4133.700195,4133.700195,1293007000.0
2012-06-22,4133.700195,4133.700195,4084.5,4093.800049,4093.800049,963534400.0
2012-06-25,4093.800049,4093.800049,4041.199951,4072.0,4072.0,849274400.0
2012-06-26,4072.0,4072.0,4046.399902,4056.300049,4056.300049,941781600.0
2012-06-27,4056.300049,4084.600098,4055.399902,4084.0,4084.0,884378000.0
2012-06-28,4084.0,4113.700195,4081.699951,4085.600098,4085.600098,905967800.0
2012-06-29,4085.600098,4155.200195,4073.800049,4135.5,4135.5,1329878300.0
2012-07-02,4135.5,4189.899902,4135.5,4172.5,4172.5,892610800.0
2012-07-03,4172.5,4180.100098,4159.5,4166.399902,4166.399902,676242000.0
2012-07-04,4166.399902,4213.899902,4166.399902,4213.799805,4213.799805,836677200.0
2012-07-05,4213.799805,4215.799805,4199.5,4209.899902,4209.899902,709239000.0
2012-07-06,4209.899902,4210.200195,4187.200195,4199.0,4199.0,627998800.0
2012-07-09,4199.0,4199.0,4154.0,4159.799805,4159.799805,577840800.0
2012-07-10,4159.799805,4176.799805,4130.200195,4137.899902,4137.899902,786653400.0
2012-07-11,4137.899902,4140.600098,4116.399902,4135.0,4135.0,805199600.0
2012-07-12,4135.0,4146.200195,4101.399902,4106.0,4106.0,777071000.0
2012-07-13,4106.0,4138.399902,4100.0,4118.299805,4118.299805,751439800.0
2012-07-16,4118.299805,4162.200195,4118.299805,4143.200195,4143.200195,661124400.0
2012-07-17,4143.200195,4187.600098,4140.899902,4175.299805,4175.299805,758344000.0
2012-07-18,4175.299805,4177.299805,4154.100098,4156.399902,4156.399902,723710800.0
2012-07-19,4156.399902,4236.399902,4156.399902,4236.399902,4236.399902,1006433300.0
2012-07-20,4236.399902,4245.5,4217.299805,4230.600098,4230.600098,884712200.0
2012-07-23,4230.600098,4230.600098,4159.200195,4159.200195,4159.200195,737466200.0
2012-07-24,4159.200195,4169.399902,4143.399902,4161.200195,4161.200195,757177400.0
2012-07-25,4161.200195,4161.200195,4114.0,4151.399902,4151.399902,778327000.0
2012-07-26,4151.399902,4176.299805,4150.100098,4173.799805,4173.799805,774965400.0
2012-07-27,4173.799805,4234.399902,4173.799805,4234.399902,4234.399902,882553000.0
2012-07-30,4234.399902,4277.399902,4234.399902,4266.899902,4266.899902,714745400.0
2012-07-31,4266.899902,4305.600098,4266.899902,4289.399902,4289.399902,896987200.0
2012-08-01,4289.399902,4289.399902,4274.299805,4282.700195,4282.700195,805623200.0
2012-08-02,4282.700195,4300.600098,4276.799805,4290.100098,4290.100098,991731200.0
2012-08-03,4290.100098,4290.100098,4235.100098,4243.0,4243.0,810638200.0
2012-08-06,4243.0,4307.799805,4243.0,4292.899902,4292.899902,563027600.0
2012-08-07,4292.899902,4313.899902,4292.899902,4311.399902,4311.399902,662444000.0
2012-08-08,4311.399902,4342.700195,4311.399902,4332.899902,4332.899902,994273400.0
2012-08-09,4332.899902,4350.399902,4330.100098,4330.100098,4330.100098,853731600.0
2012-08-10,4330.100098,4336.100098,4302.799805,4302.799805,4302.799805,924930000.0
2012-08-13,4302.799805,4339.200195,4302.799805,4309.5,4309.5,901594800.0
2012-08-14,4309.5,4326.399902,4299.700195,4317.399902,4317.399902,871929600.0
2012-08-15,4317.399902,4336.5,4293.899902,4307.0,4307.0,929438400.0
2012-08-16,4307.0,4353.5,4307.0,4353.5,4353.5,913978000.0
2012-08-17,4353.5,4393.799805,4353.0,4393.799805,4393.799805,923892800.0
2012-08-20,4393.799805,4401.299805,4372.799805,4391.899902,4391.899902,995418800.0
2012-08-21,4391.899902,4428.799805,4388.200195,4410.799805,4410.799805,948475600.0
2012-08-22,4410.799805,4411.899902,4394.299805,4403.299805,4403.299805,827739200.0
2012-08-23,4403.299805,4430.299805,4399.600098,4411.799805,4411.799805,1005867000.0
2012-08-24,4411.799805,4411.799805,4367.5,4376.5,4376.5,916036200.0
2012-08-27,4378.899902,4402.899902,4370.100098,4372.899902,4372.899902,784779600.0
2012-08-28,4373.600098,4391.899902,4368.799805,4387.0,4387.0,816312200.0
2012-08-29,4387.0,4387.0,4373.399902,4381.5,4381.5,911220000.0
2012-08-30,4381.5,4381.5,4327.600098,4340.200195,4340.200195,1121006400.0
2012-08-31,4340.200195,4351.0,4327.799805,4339.0,4339.0,1054806200.0
2012-09-03,4333.799805,4358.600098,4312.600098,4351.600098,4351.600098,771272800.0
2012-09-04,4351.600098,4356.700195,4316.799805,4325.5,4325.5,940206400.0
2012-09-05,4325.600098,4325.600098,4281.5,4297.700195,4297.700195,1060339500.0
2012-09-06,4297.700195,4343.299805,4297.700195,4331.600098,4331.600098,1312930200.0
2012-09-07,4331.600098,4376.799805,4331.600098,4348.799805,4348.799805,1128590900.0
2012-09-10,4348.799805,4365.0,4342.600098,4358.0,4358.0,980678000.0
2012-09-11,4357.899902,4357.899902,4341.399902,4348.299805,4348.299805,789668600.0
2012-09-12,4348.299805,4385.299805,4348.299805,4383.100098,4383.100098,923568000.0
2012-09-13,4383.100098,4383.100098,4358.799805,4359.799805,4359.799805,775003000.0
2012-09-14,4372.899902,4417.399902,4372.899902,4410.200195,4410.200195,1036663200.0
2012-09-17,4422.799805,4430.399902,4411.100098,4421.799805,4421.799805,868079000.0
2012-09-18,4421.799805,4426.899902,4406.100098,4417.799805,4417.799805,962057000.0
2012-09-19,4417.799805,4443.200195,4410.100098,4440.399902,4440.399902,1292763600.0
2012-09-20,4435.899902,4436.0,4417.0,4419.799805,4419.799805,1337453100.0
2012-09-21,4420.399902,4440.600098,4419.399902,4430.799805,4430.799805,1364434500.0
2012-09-24,4430.799805,4430.799805,4398.600098,4409.200195,4409.200195,751008000.0
2012-09-25,4409.200195,4409.200195,4390.0,4395.5,4395.5,719905600.0
2012-09-26,4387.200195,4387.600098,4372.700195,4382.5,4382.5,785410200.0
2012-09-27,4378.799805,4402.899902,4357.899902,4402.799805,4402.799805,812431200.0
2012-09-28,4402.399902,4413.100098,4389.100098,4406.299805,4406.299805,1178863500.0
2012-10-01,4406.299805,4429.399902,4394.600098,4408.299805,4408.299805,0.0
2012-10-02,4412.899902,4456.399902,4412.899902,4451.899902,4451.899902,794556000.0
2012-10-03,4451.899902,4472.899902,4451.399902,4458.799805,4458.799805,736744600.0
2012-10-04,4458.799805,4476.200195,4457.200195,4472.600098,4472.600098,815382200.0
2012-10-05,4472.600098,4514.899902,4472.600098,4513.799805,4513.799805,762886400.0
2012-10-07,4513.799805,4516.0,4496.899902,4502.0,4502.0,553273000.0
2012-10-08,4503.399902,4532.600098,4502.600098,4526.600098,4526.600098,634200600.0
2012-10-09,4520.0,4520.600098,4498.100098,4511.899902,4511.899902,817838600.0
2012-10-10,4511.899902,4513.399902,4483.200195,4505.200195,4505.200195,765543200.0
2012-10-11,4505.200195,4518.399902,4505.100098,4510.100098,4510.100098,626335600.0
2012-10-14,4510.100098,4515.0,4501.200195,4505.5,4505.5,646049600.0
2012-10-15,4505.5,4537.899902,4505.5,4513.899902,4513.899902,713120400.0
2012-10-16,4513.899902,4558.700195,4513.899902,4550.899902,4550.899902,932869600.0
2012-10-17,4586.100098,4602.5,4567.899902,4580.899902,4580.899902,994637800.0
2012-10-18,4580.899902,4593.899902,4561.600098,4593.5,4593.5,1016691300.0
2012-10-21,4582.100098,4582.700195,4545.899902,4564.600098,4564.600098,938152200.0
2012-10-22,4562.899902,4588.700195,4561.5,4568.0,4568.0,780915800.0
2012-10-23,4568.0,4568.0,4525.600098,4530.600098,4530.600098,821395000.0
2012-10-24,4529.700195,4541.399902,4528.0,4533.5,4533.5,789117400.0
2012-10-25,4536.0,4547.600098,4495.0,4496.299805,4496.299805,1017943200.0
2012-10-28,4498.899902,4523.0,4498.600098,4499.399902,4499.399902,598408000.0
2012-10-29,4499.799805,4518.899902,4493.399902,4505.700195,4505.700195,763130600.0
2012-10-30,4511.700195,4542.799805,4511.5,4535.399902,4535.399902,1023989600.0
2012-10-31,4535.399902,4535.399902,4479.899902,4479.899902,4479.899902,1077882300.0
2012-11-01,4491.299805,4507.5,4480.100098,4483.299805,4483.299805,959619600.0
2012-11-04,4481.0,4497.0,4458.700195,4493.600098,4493.600098,736801600.0
2012-11-05,4492.5,4507.799805,4489.5,4503.700195,4503.700195,526945600.0
2012-11-06,4503.700195,4536.299805,4502.299805,4534.200195,4534.200195,811227800.0
2012-11-07,4534.200195,4534.200195,4478.5,4502.200195,4502.200195,806901600.0
2012-11-08,4502.200195,4502.200195,4458.200195,4482.5,4482.5,800726200.0
2012-11-11,4479.200195,4485.700195,4464.700195,4469.899902,4469.899902,735625400.0
2012-11-12,4468.200195,4468.799805,4404.200195,4404.200195,4404.200195,895515800.0
2012-11-13,4404.200195,4416.299805,4395.299805,4410.700195,4410.700195,728823200.0
2012-11-14,4410.700195,4410.700195,4359.600098,4370.600098,4370.600098,1000180800.0
2012-11-15,4371.5,4372.200195,4355.899902,4360.100098,4360.100098,862871200.0
2012-11-18,4367.399902,4385.0,4362.100098,4382.600098,4382.600098,817785600.0
2012-11-19,4382.600098,4411.799805,4382.600098,4407.5,4407.5,780162800.0
2012-11-20,4408.899902,4409.200195,4387.600098,4390.700195,4390.700195,710197400.0
2012-11-21,4396.899902,4446.200195,4394.799805,4432.399902,4432.399902,837753600.0
2012-11-22,4432.399902,4432.5,4417.299805,4431.5,4431.5,606299000.0
2012-11-25,4431.5,4444.899902,4431.5,4443.5,4443.5,609788800.0
2012-11-26,4443.5,4477.5,4442.200195,4473.399902,4473.399902,855637400.0
2012-11-27,4470.100098,4470.100098,4448.600098,4462.600098,4462.600098,768231600.0
2012-11-28,4462.299805,4490.100098,4461.100098,4490.100098,4490.100098,883620800.0
2012-11-29,4490.100098,4524.700195,4490.100098,4518.0,4518.0,1748876600.0
2012-12-02,4518.0,4546.299805,4518.0,4540.0,4540.0,731889400.0
2012-12-03,4540.0,4544.399902,4510.399902,4511.799805,4511.799805,682130600.0
2012-12-04,4511.799805,4531.600098,4508.600098,4528.0,4528.0,802672200.0
2012-12-05,4528.0,4535.399902,4512.399902,4515.700195,4515.700195,781872400.0
2012-12-06,4522.0,4557.600098,4521.600098,4555.899902,4555.899902,718021600.0
2012-12-09,4556.5,4575.899902,4556.5,4562.399902,4562.399902,803551000.0
2012-12-10,4562.399902,4585.299805,4562.399902,4581.299805,4581.299805,710361000.0
2012-12-11,4581.299805,4608.799805,4581.299805,4591.799805,4591.799805,1037151400.0
2012-12-12,4591.799805,4600.200195,4586.200195,4592.899902,4592.899902,978682400.0
2012-12-13,4592.899902,4607.799805,4590.200195,4595.100098,4595.100098,796464600.0
2012-12-16,4595.100098,4599.100098,4583.100098,4588.0,4588.0,796113800.0
2012-12-17,4593.100098,4623.600098,4593.100098,4610.5,4610.5,885331600.0
2012-12-18,4618.700195,4641.5,4618.0,4633.200195,4633.200195,990513000.0
2012-12-19,4635.0,4655.299805,4624.700195,4646.600098,4646.600098,1238188800.0
2012-12-20,4646.600098,4669.0,4623.799805,4635.200195,4635.200195,1411136300.0
2012-12-23,4637.100098,4655.200195,4637.100098,4645.600098,4645.600098,224568600.0
2012-12-26,4645.600098,4666.100098,4642.100098,4661.399902,4661.399902,299375200.0
2012-12-27,4665.0,4701.0,4664.899902,4685.299805,4685.299805,389823800.0
2012-12-30,4680.399902,4680.399902,4659.5,4664.600098,4664.600098,300459800.0
2013-01-01,4664.600098,4726.200195,4664.600098,4722.899902,4722.899902,579783400.0
2013-01-02,4722.899902,4763.600098,4722.899902,4761.399902,4761.399902,717371800.0
2013-01-03,4761.399902,4761.399902,4737.0,4742.899902,4742.899902,564794000.0
2013-01-06,4745.799805,4770.200195,4735.899902,4738.100098,4738.100098,681791800.0
2013-01-07,4741.700195,4756.200195,4711.899902,4712.299805,4712.299805,731907600.0
2013-01-08,4712.799805,4732.299805,4712.799805,4730.100098,4730.100098,707592800.0
2013-01-09,4730.100098,4750.100098,4723.100098,4745.200195,4745.200195,745813200.0
2013-01-10,4745.899902,4757.200195,4728.399902,4733.799805,4733.799805,695219200.0
2013-01-13,4733.799805,4754.799805,4733.5,4745.700195,4745.700195,649593000.0
2013-01-14,4746.899902,4756.799805,4733.200195,4743.0,4743.0,776957600.0
2013-01-15,4741.899902,4765.299805,4741.200195,4765.0,4765.0,786506400.0
2013-01-16,4765.0,4808.899902,4765.0,4779.700195,4779.700195,920551800.0
2013-01-17,4779.700195,4805.799805,4779.700195,4794.700195,4794.700195,799878200.0
2013-01-20,4796.700195,4803.700195,4788.0,4802.200195,4802.200195,658803800.0
2013-01-21,4802.200195,4825.600098,4792.700195,4802.899902,4802.899902,721563600.0
2013-01-22,4811.5,4825.399902,4811.399902,4812.100098,4812.100098,796233400.0
2013-01-23,4808.399902,4837.899902,4804.899902,4833.799805,4833.799805,807628800.0
2013-01-24,4833.799805,4858.899902,4833.799805,4858.899902,4858.899902,921466200.0
2013-01-28,4865.600098,4917.0,4864.799805,4910.799805,4910.799805,942912000.0
2013-01-29,4910.799805,4928.600098,4908.5,4919.100098,4919.100098,763115000.0
2013-01-30,4919.100098,4927.600098,4888.399902,4901.0,4901.0,894894600.0
2013-01-31,4901.0,4943.5,4901.0,4941.899902,4941.899902,784939600.0
2013-02-03,4941.899902,4971.399902,4929.100098,4929.100098,4929.100098,689876600.0
2013-02-04,4918.700195,4918.700195,4892.0,4902.600098,4902.600098,826234600.0
2013-02-05,4902.600098,4949.600098,4902.600098,4940.5,4940.5,960948800.0
2013-02-06,4935.0,4957.600098,4928.299805,4955.799805,4955.799805,816581400.0
2013-02-07,4953.299805,4989.399902,4948.700195,4989.399902,4989.399902,811939200.0
2013-02-10,4989.399902,4997.0,4980.299805,4980.299805,4980.299805,690162400.0
2013-02-11,4980.299805,5002.200195,4980.299805,4981.5,4981.5,707999600.0
2013-02-12,4981.5,5032.899902,4981.5,5024.5,5024.5,837223400.0
2013-02-13,5024.5,5065.299805,5021.200195,5057.200195,5057.200195,1015527200.0
2013-02-14,5052.700195,5063.299805,5043.200195,5054.600098,5054.600098,854151400.0
2013-02-17,5061.299805,5090.700195,5052.5,5082.899902,5082.899902,1114006000.0
2013-02-18,5082.899902,5101.0,5066.299805,5101.0,5101.0,867182000.0
2013-02-19,5101.0,5123.0,5101.0,5114.399902,5114.399902,1057192100.0
2013-02-20,5083.799805,5093.700195,4998.600098,4998.600098,4998.600098,1104086100.0
2013-02-21,4998.600098,5070.200195,4994.799805,5036.700195,5036.700195,1001139100.0
2013-02-24,5035.600098,5081.899902,5035.600098,5072.700195,5072.700195,855706000.0
2013-02-25,5055.5,5057.100098,4997.5,5021.799805,5021.799805,791287400.0
2013-02-26,5029.100098,5059.5,5029.100098,5053.100098,5053.100098,800558400.0
2013-02-27,5053.100098,5127.799805,5053.100098,5120.399902,5120.399902,1311572200.0
2013-02-28,5120.399902,5120.399902,5079.899902,5100.899902,5100.899902,1111747300.0
2013-03-03,5100.899902,5100.899902,5027.899902,5028.5,5028.5,939048800.0
2013-03-04,5028.5,5107.899902,5028.5,5088.100098,5088.100098,898677200.0
2013-03-05,5088.100098,5143.399902,5088.100098,5130.899902,5130.899902,970788400.0
2013-03-06,5134.0,5148.299805,5102.299805,5123.100098,5123.100098,834380200.0
2013-03-07,5123.100098,5144.5,5116.700195,5137.5,5137.5,867802000.0
2013-03-10,5135.299805,5162.299805,5130.200195,5160.0,5160.0,712197400.0
2013-03-11,5163.299805,5174.399902,5128.600098,5128.600098,5128.600098,861455200.0
2013-03-12,5131.399902,5133.399902,5093.0,5104.399902,5104.399902,877891000.0
2013-03-13,5102.0,5113.899902,5043.799805,5043.799805,5043.799805,1058871200.0
2013-03-14,5043.799805,5129.299805,5043.799805,5129.299805,5129.299805,1949068400.0
2013-03-17,5112.799805,5112.799805,5027.299805,5027.399902,5027.399902,771565400.0
2013-03-18,5034.899902,5069.799805,5004.0,5004.399902,5004.399902,856059400.0
2013-03-19,5004.399902,5004.399902,4956.399902,4982.600098,4982.600098,866902600.0
2013-03-20,4982.600098,5012.299805,4964.5,4976.799805,4976.799805,1112814700.0
2013-03-21,4973.700195,4995.299805,4944.5,4980.799805,4980.799805,674769000.0
2013-03-24,4981.899902,5033.100098,4981.899902,5001.5,5001.5,673737400.0
2013-03-25,4993.200195,4993.200195,4957.200195,4964.700195,4964.700195,737958800.0
2013-03-26,4972.899902,5007.0,4971.399902,5007.0,5007.0,686327000.0
2013-03-27,5007.0,5007.0,4979.899902,4979.899902,4979.899902,1087673900.0
2013-04-01,4979.899902,5017.299805,4978.700195,4995.5,4995.5,769900000.0
2013-04-02,4999.299805,5019.700195,4945.899902,4966.399902,4966.399902,1041812600.0
2013-04-03,4959.0,4959.0,4908.399902,4919.299805,4919.299805,888746000.0
2013-04-04,4924.700195,4929.700195,4891.600098,4899.200195,4899.200195,854147800.0
2013-04-08,4899.200195,4920.899902,4897.0,4912.700195,4912.700195,732462200.0
2013-04-09,4912.700195,4980.299805,4912.700195,4980.200195,4980.200195,1164957500.0
2013-04-10,4989.700195,4995.299805,4963.0,4973.700195,4973.700195,943028400.0
2013-04-11,4973.700195,5017.600098,4973.700195,5010.299805,5010.299805,906261800.0
2013-04-12,5009.700195,5024.399902,5009.200195,5016.0,5016.0,847318400.0
2013-04-15,5008.600098,5008.600098,4933.100098,4966.799805,4966.799805,789928600.0
2013-04-16,4966.799805,4966.799805,4909.100098,4944.100098,4944.100098,929509400.0
2013-04-17,4944.100098,4997.200195,4944.100098,4993.600098,4993.600098,821360400.0
2013-04-18,4979.0,4979.700195,4911.299805,4911.299805,4911.299805,1200353300.0
2013-04-19,4911.299805,4946.100098,4908.700195,4923.0,4923.0,901300000.0
2013-04-22,4923.0,4955.399902,4923.0,4955.399902,4955.399902,650769400.0
2013-04-23,4955.399902,5023.799805,4955.399902,5002.600098,5002.600098,962653000.0
2013-04-24,5009.0,5085.200195,5009.0,5084.200195,5084.200195,1163402500.0
2013-04-26,5094.600098,5116.899902,5082.5,5082.700195,5082.700195,890341600.0
2013-04-29,5082.700195,5111.799805,5082.700195,5108.299805,5108.299805,623704600.0
2013-04-30,5108.299805,5171.200195,5108.299805,5168.600098,5168.600098,933511600.0
2013-05-01,5165.299805,5166.600098,5139.799805,5144.0,5144.0,687057200.0
2013-05-02,5143.899902,5143.899902,5094.299805,5104.100098,5104.100098,831687000.0
2013-05-03,5104.100098,5154.0,5102.100098,5105.399902,5105.399902,714874000.0
2013-05-06,5121.0,5175.299805,5120.0,5133.799805,5133.799805,703385200.0
2013-05-07,5139.700195,5142.700195,5098.0,5122.700195,5122.700195,870076800.0
2013-05-08,5130.700195,5180.200195,5129.799805,5177.899902,5177.899902,1034001400.0
2013-05-09,5173.299805,5192.200195,5164.700195,5180.600098,5180.600098,984826800.0
2013-05-10,5182.200195,5223.899902,5182.200195,5191.100098,5191.100098,839814600.0
2013-05-13,5188.899902,5204.200195,5177.0,5194.799805,5194.799805,800362400.0
2013-05-14,5194.799805,5209.299805,5192.0,5202.5,5202.5,866906200.0
2013-05-15,5204.200195,5229.799805,5151.399902,5173.299805,5173.299805,905096000.0
2013-05-16,5173.299805,5191.799805,5136.600098,5144.200195,5144.200195,1082412700.0
2013-05-17,5153.100098,5172.799805,5147.0,5159.799805,5159.799805,918968800.0
2013-05-20,5165.399902,5221.799805,5165.399902,5185.399902,5185.399902,807652800.0
2013-05-21,5184.399902,5184.399902,5138.5,5156.200195,5156.200195,959256800.0
2013-05-22,5163.0,5178.899902,5131.799805,5142.100098,5142.100098,1182376500.0
2013-05-23,5137.200195,5137.200195,5036.700195,5040.799805,5040.799805,1483959500.0
2013-05-24,5040.799805,5059.899902,4936.0,4964.299805,4964.299805,1192799700.0
2013-05-27,4964.299805,4964.399902,4910.399902,4938.600098,4938.600098,881814600.0
2013-05-28,4937.600098,4959.399902,4930.100098,4950.600098,4950.600098,892268400.0
2013-05-29,4950.600098,4975.399902,4942.600098,4959.200195,4959.200195,951240600.0
2013-05-30,4959.200195,4959.200195,4885.399902,4917.100098,4917.100098,980186400.0
2013-05-31,4927.200195,4946.0,4909.600098,4914.0,4914.0,1731029600.0
2013-06-03,4914.0,4915.0,4873.700195,4873.700195,4873.700195,826497800.0
2013-06-04,4873.700195,4891.899902,4852.299805,4886.700195,4886.700195,938861600.0
2013-06-05,4886.700195,4886.700195,4820.600098,4825.200195,4825.200195,1121052800.0
2013-06-06,4822.399902,4822.399902,4767.899902,4771.799805,4771.799805,949709600.0
2013-06-07,4771.799805,4773.600098,4724.100098,4729.299805,4729.299805,911864800.0
2013-06-11,4729.299805,4750.299805,4729.299805,4748.899902,4748.899902,883563000.0
2013-06-12,4748.899902,4748.899902,4703.0,4716.100098,4716.100098,1001279900.0
2013-06-13,4716.100098,4716.100098,4650.0,4684.899902,4684.899902,1066341200.0
2013-06-14,4684.899902,4776.600098,4684.899902,4775.5,4775.5,868708000.0
2013-06-17,4758.200195,4805.0,4726.399902,4805.0,4805.0,927662400.0
2013-06-18,4805.0,4805.0,4750.100098,4794.600098,4794.600098,975118000.0
2013-06-19,4794.600098,4841.799805,4794.600098,4841.799805,4841.799805,933264000.0
2013-06-20,4841.799805,4841.799805,4715.299805,4743.899902,4743.899902,1253987800.0
2013-06-21,4743.600098,4743.600098,4668.0,4723.799805,4723.799805,2061415600.0
2013-06-24,4723.799805,4723.799805,4646.299805,4651.100098,4651.100098,964010000.0
2013-06-25,4651.100098,4664.5,4610.600098,4633.5,4633.5,1202295700.0
2013-06-26,4633.5,4724.399902,4633.5,4707.799805,4707.799805,1063490600.0
2013-06-27,4707.799805,4803.100098,4707.799805,4784.799805,4784.799805,1097993600.0
2013-06-28,4784.799805,4803.5,4768.200195,4775.399902,4775.399902,1176254600.0
2013-07-01,4775.399902,4775.399902,4682.399902,4689.700195,4689.700195,768086400.0
2013-07-02,4689.700195,4810.299805,4689.700195,4810.299805,4810.299805,942892600.0
2013-07-03,4810.299805,4810.299805,4704.200195,4727.799805,4727.799805,943845800.0
2013-07-04,4727.799805,4783.100098,4727.799805,4781.0,4781.0,722680800.0
2013-07-05,4781.0,4837.399902,4781.0,4826.399902,4826.399902,835945300.0
2013-07-08,4826.399902,4838.5,4774.100098,4797.600098,4797.600098,714012400.0
2013-07-09,4797.600098,4878.299805,4797.600098,4866.5,4866.5,815642000.0
2013-07-10,4866.5,4932.5,4866.5,4885.399902,4885.399902,906644400.0
2013-07-11,4885.5,4946.899902,4885.5,4946.899902,4946.899902,895910000.0
2013-07-12,4946.899902,4993.5,4946.899902,4957.5,4957.5,890558800.0
2013-07-15,4957.5,4979.399902,4945.200195,4965.600098,4965.600098,677194400.0
2013-07-16,4965.600098,4984.299805,4958.200195,4968.600098,4968.600098,772399200.0
2013-07-17,4968.600098,4977.700195,4960.5,4966.5,4966.5,919092200.0
2013-07-18,4966.5,4992.700195,4966.5,4976.899902,4976.899902,927408000.0
2013-07-19,4976.899902,4993.299805,4948.5,4959.399902,4959.399902,904847400.0
2013-07-22,4959.700195,5011.5,4959.700195,4988.899902,4988.899902,752762400.0
2013-07-23,4988.899902,5015.299805,4988.899902,5004.600098,5004.600098,877617600.0
2013-07-24,5004.600098,5040.200195,5004.600098,5021.799805,5021.799805,872668000.0
2013-07-25,5021.799805,5021.799805,4993.5,5018.299805,5018.299805,929508000.0
2013-07-26,5018.299805,5043.399902,5010.399902,5023.799805,5023.799805,1073697100.0
2013-07-29,5023.799805,5040.5,5017.899902,5027.899902,5027.899902,645155700.0
2013-07-30,5027.899902,5035.299805,5007.399902,5026.299805,5026.299805,853359800.0
2013-07-31,5026.299805,5077.299805,5026.299805,5035.700195,5035.700195,894532900.0
2013-08-01,5035.700195,5075.700195,5018.100098,5047.100098,5047.100098,968279800.0
2013-08-02,5047.100098,5099.5,5047.100098,5098.700195,5098.700195,841941500.0
2013-08-05,5098.700195,5098.700195,5083.200195,5093.799805,5093.799805,611047300.0
2013-08-06,5093.799805,5099.799805,5071.299805,5088.0,5088.0,770950200.0
2013-08-07,5088.0,5088.0,4993.200195,4996.600098,4996.600098,917331500.0
2013-08-08,4996.600098,5064.899902,4996.600098,5047.100098,5047.100098,970677800.0
2013-08-09,5047.100098,5057.600098,5008.299805,5038.799805,5038.799805,791797100.0
2013-08-12,5038.799805,5094.299805,5033.5,5094.100098,5094.100098,832533400.0
2013-08-13,5094.100098,5144.700195,5094.100098,5141.600098,5141.600098,1003044400.0
2013-08-14,5141.600098,5151.600098,5126.700195,5141.0,5141.0,844067700.0
2013-08-15,5141.0,5148.399902,5125.700195,5136.700195,5136.700195,1037335600.0
2013-08-16,5136.700195,5136.700195,5087.799805,5100.100098,5100.100098,962194700.0
2013-08-19,5100.399902,5115.600098,5086.899902,5102.299805,5102.299805,893944500.0
2013-08-20,5102.299805,5102.299805,5050.100098,5068.799805,5068.799805,929993400.0
2013-08-21,5068.799805,5096.399902,5061.799805,5090.299805,5090.299805,866994600.0
2013-08-22,5090.299805,5090.299805,5020.600098,5066.700195,5066.700195,1067035600.0
2013-08-23,5068.700195,5132.700195,5068.700195,5115.200195,5115.200195,1080320400.0
2013-08-26,5115.200195,5148.5,5115.200195,5127.100098,5127.100098,961469500.0
2013-08-27,5126.700195,5131.799805,5101.5,5130.799805,5130.799805,822466200.0
2013-08-28,5130.799805,5130.799805,5067.299805,5077.899902,5077.899902,952271000.0
2013-08-29,5078.0,5088.799805,5055.600098,5083.100098,5083.100098,987091200.0
2013-08-30,5083.100098,5125.299805,5067.399902,5125.299805,5125.299805,1108928600.0
2013-09-02,5125.299805,5180.899902,5117.899902,5178.0,5178.0,837838400.0
2013-09-03,5178.0,5198.0,5178.0,5188.899902,5188.899902,934725600.0
2013-09-04,5188.899902,5188.899902,5147.299805,5156.5,5156.5,895753500.0
2013-09-05,5156.5,5166.899902,5114.5,5138.399902,5138.399902,879944000.0
2013-09-06,5138.399902,5153.5,5113.799805,5144.0,5144.0,851751600.0
2013-09-09,5144.0,5179.600098,5144.0,5179.399902,5179.399902,707291600.0
2013-09-10,5179.399902,5209.899902,5179.399902,5198.899902,5198.899902,751352800.0
2013-09-11,5198.899902,5230.600098,5198.899902,5230.600098,5230.600098,872788200.0
2013-09-12,5230.600098,5247.700195,5225.700195,5238.200195,5238.200195,1147019200.0
2013-09-13,5238.200195,5238.200195,5205.5,5214.700195,5214.700195,867338000.0
2013-09-16,5214.700195,5259.600098,5214.700195,5241.700195,5241.700195,680678100.0
2013-09-17,5241.700195,5256.399902,5223.100098,5245.200195,5245.200195,773200100.0
2013-09-18,5245.200195,5247.399902,5220.600098,5230.399902,5230.399902,848241700.0
2013-09-19,5230.399902,5292.200195,5230.399902,5288.600098,5288.600098,1469309500.0
2013-09-20,5288.600098,5288.600098,5262.700195,5270.799805,5270.799805,2057474600.0
2013-09-23,5270.799805,5270.799805,5221.299805,5245.799805,5245.799805,763951400.0
2013-09-24,5245.799805,5245.799805,5213.200195,5229.5,5229.5,695459800.0
2013-09-25,5229.5,5277.700195,5226.600098,5270.100098,5270.100098,805435400.0
2013-09-26,5270.100098,5288.200195,5245.299805,5288.200195,5288.200195,673655600.0
2013-09-27,5288.200195,5307.700195,5288.200195,5302.299805,5302.299805,876390000.0
2013-09-30,5302.299805,5302.299805,5217.700195,5217.700195,5217.700195,963626200.0
2013-10-01,5217.700195,5239.600098,5201.100098,5206.299805,5206.299805,836419900.0
2013-10-02,5206.299805,5229.299805,5206.299805,5214.899902,5214.899902,823170800.0
2013-10-03,5214.899902,5256.0,5212.200195,5232.0,5232.0,762658800.0
2013-10-04,5232.0,5232.0,5196.200195,5205.899902,5205.899902,633584300.0
2013-10-06,5205.899902,5212.799805,5147.5,5160.600098,5160.600098,0.0
2013-10-07,5160.600098,5164.700195,5124.700195,5148.100098,5148.100098,787581100.0
2013-10-08,5144.0,5155.399902,5118.0,5151.600098,5151.600098,650408500.0
2013-10-09,5151.600098,5151.600098,5126.899902,5146.200195,5146.200195,725593400.0
2013-10-10,5146.200195,5236.600098,5146.200195,5228.799805,5228.799805,758022900.0
2013-10-13,5228.799805,5228.799805,5187.200195,5206.5,5206.5,553587200.0
2013-10-14,5206.5,5264.5,5206.5,5259.200195,5259.200195,712929000.0
2013-10-15,5259.200195,5269.5,5231.799805,5264.399902,5264.399902,723540200.0
2013-10-16,5264.399902,5295.200195,5264.399902,5281.899902,5281.899902,949383700.0
2013-10-17,5281.899902,5324.799805,5281.899902,5321.0,5321.0,886965300.0
2013-10-20,5321.0,5365.100098,5321.0,5351.5,5351.5,815875900.0
2013-10-21,5351.5,5378.700195,5351.5,5371.200195,5371.200195,967476700.0
2013-10-22,5371.200195,5400.399902,5356.200195,5356.799805,5356.799805,1049794300.0
2013-10-23,5356.799805,5384.399902,5355.100098,5373.700195,5373.700195,773848700.0
2013-10-24,5373.700195,5396.299805,5373.700195,5385.700195,5385.700195,963163400.0
2013-10-27,5385.700195,5453.100098,5385.700195,5437.299805,5437.299805,1068134700.0
2013-10-28,5437.299805,5439.799805,5404.600098,5410.700195,5410.700195,808908700.0
2013-10-29,5410.700195,5438.5,5410.700195,5425.399902,5425.399902,861298300.0
2013-10-30,5425.399902,5439.600098,5396.299805,5420.299805,5420.299805,888755400.0
2013-10-31,5420.299805,5420.299805,5400.0,5406.5,5406.5,721830000.0
2013-11-03,5406.5,5424.799805,5382.600098,5384.200195,5384.200195,680508500.0
2013-11-04,5384.200195,5432.100098,5384.200195,5425.700195,5425.700195,542593900.0
2013-11-05,5425.700195,5427.100098,5401.700195,5426.0,5426.0,772866800.0
2013-11-06,5426.100098,5426.100098,5403.899902,5415.399902,5415.399902,861858900.0
2013-11-07,5415.399902,5415.399902,5374.200195,5394.399902,5394.399902,794940900.0
2013-11-10,5394.399902,5432.399902,5369.799805,5380.799805,5380.799805,778935100.0
2013-11-11,5380.799805,5413.899902,5380.799805,5386.799805,5386.799805,792330700.0
2013-11-12,5386.799805,5386.799805,5307.899902,5317.5,5317.5,892313200.0
2013-11-13,5317.5,5372.5,5317.5,5352.0,5352.0,765457000.0
2013-11-14,5352.0,5400.0,5338.799805,5396.200195,5396.200195,758151600.0
2013-11-17,5396.200195,5398.399902,5354.100098,5377.899902,5377.899902,631101500.0
2013-11-18,5378.0,5378.0,5340.899902,5347.799805,5347.799805,753033700.0
2013-11-19,5347.799805,5347.799805,5293.899902,5304.600098,5304.600098,745519200.0
2013-11-20,5304.600098,5304.600098,5282.0,5284.299805,5284.299805,941867400.0
2013-11-21,5284.299805,5346.799805,5284.299805,5330.299805,5330.299805,717415000.0
2013-11-24,5330.299805,5368.100098,5330.299805,5346.100098,5346.100098,792699700.0
2013-11-25,5346.100098,5367.899902,5339.200195,5350.600098,5350.600098,1346073600.0
2013-11-26,5350.600098,5354.799805,5324.899902,5324.899902,5324.899902,668111500.0
2013-11-27,5324.899902,5358.299805,5324.899902,5326.600098,5326.600098,860014800.0
2013-11-28,5326.600098,5331.399902,5302.0,5314.299805,5314.299805,810485200.0
2013-12-01,5314.299805,5325.700195,5265.200195,5273.5,5273.5,751447000.0
2013-12-02,5273.5,5276.5,5247.100098,5249.600098,5249.600098,911965300.0
2013-12-03,5249.600098,5271.700195,5222.899902,5267.5,5267.5,944913900.0
2013-12-04,5267.5,5270.700195,5196.899902,5196.899902,5196.899902,1094992600.0
2013-12-05,5196.899902,5197.399902,5156.799805,5186.0,5186.0,704197200.0
2013-12-08,5186.100098,5205.799805,5137.700195,5148.399902,5148.399902,780237000.0
2013-12-09,5148.399902,5186.799805,5143.700195,5146.200195,5146.200195,956249900.0
2013-12-10,5140.399902,5145.299805,5109.5,5109.5,5109.5,786954000.0
2013-12-11,5109.5,5119.299805,5037.399902,5069.200195,5069.200195,1124644800.0
2013-12-12,5069.200195,5101.5,5053.100098,5101.5,5101.5,781655900.0
2013-12-15,5101.5,5104.5,5065.399902,5093.100098,5093.100098,629089600.0
2013-12-16,5093.200195,5136.399902,5088.700195,5106.100098,5106.100098,750807600.0
2013-12-17,5106.100098,5116.799805,5095.600098,5099.299805,5099.299805,751739800.0
2013-12-18,5099.299805,5202.0,5099.299805,5202.0,5202.0,969280700.0
2013-12-19,5202.0,5261.5,5202.0,5261.5,5261.5,1569005900.0
2013-12-22,5261.5,5291.5,5257.799805,5291.5,5291.5,697143700.0
2013-12-23,5291.5,5328.299805,5291.5,5325.5,5325.5,352086700.0
2013-12-26,5325.399902,5362.5,5320.0,5323.799805,5323.799805,329601800.0
2013-12-29,5323.799805,5358.0,5323.799805,5358.0,5358.0,469708600.0
2013-12-30,5358.0,5367.799805,5340.5,5353.100098,5353.100098,375468700.0
2014-01-01,5353.100098,5383.399902,5353.100098,5369.799805,5369.799805,417726200.0
2014-01-02,5369.799805,5369.799805,5328.600098,5351.799805,5351.799805,440613400.0
2014-01-05,5351.799805,5364.399902,5321.799805,5327.700195,5327.700195,474850500.0
2014-01-06,5327.700195,5346.700195,5316.399902,5318.799805,5318.799805,673028200.0
2014-01-07,5318.799805,5353.5,5306.399902,5318.700195,5318.700195,697759000.0
2014-01-08,5318.700195,5327.5,5298.399902,5327.5,5327.5,602247600.0
2014-01-09,5327.5,5327.5,5309.200195,5316.299805,5316.299805,802826600.0
2014-01-12,5316.299805,5321.600098,5294.5,5296.799805,5296.799805,633954500.0
2014-01-13,5296.799805,5296.799805,5215.5,5219.799805,5219.799805,881412900.0
2014-01-14,5219.799805,5263.399902,5219.799805,5255.5,5255.5,772649200.0
2014-01-15,5255.5,5319.399902,5255.5,5319.399902,5319.399902,904667200.0
2014-01-16,5319.399902,5328.600098,5295.600098,5316.399902,5316.399902,828832400.0
2014-01-19,5316.399902,5317.0,5273.700195,5307.600098,5307.600098,0.0
2014-01-20,5307.600098,5342.0,5289.399902,5342.0,5342.0,685193600.0
2014-01-21,5342.0,5342.0,5298.100098,5331.299805,5331.299805,727298700.0
2014-01-22,5331.299805,5331.399902,5266.5,5275.5,5275.5,817642700.0
2014-01-23,5275.5,5289.700195,5254.299805,5254.299805,5254.299805,835572300.0
2014-01-27,5254.299805,5254.299805,5174.399902,5188.0,5188.0,904430700.0
2014-01-28,5188.0,5240.600098,5188.0,5240.600098,5240.600098,744763700.0
2014-01-29,5240.600098,5240.600098,5175.200195,5199.399902,5199.399902,832158900.0
2014-01-30,5199.399902,5209.899902,5184.399902,5205.100098,5205.100098,846221600.0
2014-02-02,5205.100098,5212.5,5179.0,5201.899902,5201.899902,612331500.0
2014-02-03,5201.899902,5201.899902,5109.200195,5114.100098,5114.100098,1025023800.0
2014-02-04,5114.100098,5128.600098,5072.700195,5088.700195,5088.700195,852644800.0
2014-02-05,5088.700195,5147.399902,5088.700195,5147.399902,5147.399902,799811000.0
2014-02-06,5147.399902,5184.700195,5147.399902,5184.5,5184.5,923197400.0
2014-02-09,5184.5,5236.5,5184.5,5236.5,5236.5,709950700.0
2014-02-10,5236.5,5273.600098,5220.5,5267.299805,5267.299805,909941100.0
2014-02-11,5267.299805,5319.799805,5267.299805,5319.799805,5319.799805,1068699200.0
2014-02-12,5319.5,5342.5,5314.399902,5318.700195,5318.700195,902420100.0
2014-02-13,5318.700195,5366.899902,5318.700195,5366.899902,5366.899902,879978700.0
2014-02-16,5394.799805,5408.0,5394.799805,5400.200195,5400.200195,1771270900.0
2014-02-17,5394.799805,5408.0,5388.899902,5402.200195,5402.200195,887321700.0
2014-02-18,5404.600098,5428.0,5402.200195,5415.5,5415.5,1033631300.0
2014-02-19,5415.5,5449.5,5409.299805,5421.299805,5421.299805,1251995200.0
2014-02-20,5421.299805,5460.399902,5421.299805,5449.399902,5449.399902,1006726900.0
2014-02-23,5449.5,5466.0,5436.600098,5450.100098,5450.100098,970497700.0
2014-02-24,5450.100098,5471.799805,5438.200195,5444.0,5444.0,965084300.0
2014-02-25,5444.0,5461.299805,5433.700195,5447.0,5447.0,1127947600.0
2014-02-26,5447.0,5447.0,5416.0,5421.0,5421.0,1042643300.0
2014-02-27,5421.0,5449.200195,5412.299805,5415.399902,5415.399902,1273464300.0
2014-03-02,5415.399902,5415.399902,5355.200195,5397.399902,5397.399902,973398500.0
2014-03-03,5395.899902,5418.399902,5383.5,5411.700195,5411.700195,927598000.0
2014-03-04,5417.200195,5464.600098,5417.200195,5457.299805,5457.299805,1159838200.0
2014-03-05,5457.299805,5459.700195,5435.700195,5459.700195,5459.700195,947579800.0
2014-03-06,5459.700195,5477.299805,5458.299805,5477.0,5477.0,927284300.0
2014-03-09,5477.0,5477.0,5429.299805,5430.799805,5430.799805,887651700.0
2014-03-10,5430.799805,5448.100098,5420.299805,5429.299805,5429.299805,1120688900.0
2014-03-11,5429.299805,5429.299805,5362.899902,5400.5,5400.5,996730300.0
2014-03-12,5400.5,5441.100098,5400.5,5429.100098,5429.100098,936397100.0
2014-03-13,5429.100098,5429.100098,5347.100098,5347.100098,5347.100098,839875800.0
2014-03-16,5347.100098,5348.100098,5329.399902,5335.200195,5335.200195,809164700.0
2014-03-17,5335.200195,5377.0,5335.200195,5360.200195,5360.200195,0.0
2014-03-18,5360.299805,5373.899902,5351.600098,5373.0,5373.0,0.0
2014-03-19,5373.0,5373.0,5307.0,5312.700195,5312.700195,1303185600.0
2014-03-20,5312.700195,5354.0,5312.700195,5354.0,5354.0,1921916600.0
2014-03-23,5354.0,5362.100098,5319.200195,5362.100098,5362.100098,861472000.0
2014-03-24,5362.100098,5362.100098,5325.600098,5351.0,5351.0,943832600.0
2014-03-25,5351.0,5405.299805,5351.0,5387.200195,5387.200195,992026000.0
2014-03-26,5387.200195,5387.200195,5332.799805,5359.700195,5359.700195,873781200.0
2014-03-27,5359.700195,5381.799805,5352.100098,5376.799805,5376.799805,983213200.0
2014-03-30,5376.799805,5421.5,5376.799805,5403.0,5403.0,845157600.0
2014-03-31,5403.0,5409.200195,5358.600098,5394.899902,5394.899902,912703900.0
2014-04-01,5394.899902,5414.799805,5394.899902,5408.799805,5408.799805,872718500.0
2014-04-02,5408.799805,5424.899902,5408.799805,5415.700195,5415.700195,794483200.0
2014-04-03,5415.700195,5428.600098,5405.399902,5428.600098,5428.600098,678717600.0
2014-04-07,5428.600098,5428.600098,5395.5,5416.100098,5416.100098,605957800.0
2014-04-08,5416.100098,5417.5,5392.5,5409.200195,5409.200195,731612800.0
2014-04-09,5409.200195,5473.100098,5409.200195,5460.299805,5460.299805,967283400.0
2014-04-10,5460.299805,5500.0,5460.299805,5477.5,5477.5,951462700.0
2014-04-11,5477.5,5477.5,5418.899902,5423.5,5423.5,815083500.0
2014-04-14,5423.5,5423.5,5353.600098,5353.600098,5353.600098,788456000.0
2014-04-15,5355.0,5400.200195,5355.0,5380.299805,5380.299805,740198000.0
2014-04-16,5380.299805,5416.5,5379.100098,5412.600098,5412.600098,668488900.0
2014-04-17,5412.600098,5450.5,5412.600098,5444.799805,5444.799805,678193500.0
2014-04-22,5444.799805,5470.600098,5442.700195,5467.100098,5467.100098,590132700.0
2014-04-23,5467.100098,5507.799805,5467.100098,5502.200195,5502.200195,696438300.0
2014-04-24,5502.200195,5521.899902,5502.200195,5515.5,5515.5,763647900.0
2014-04-28,5515.5,5529.200195,5503.5,5516.100098,5516.100098,718180900.0
2014-04-29,5516.100098,5533.299805,5450.799805,5466.899902,5466.899902,836409500.0
2014-04-30,5466.899902,5488.5,5446.299805,5470.799805,5470.799805,793932000.0
2014-05-01,5470.799805,5481.799805,5421.5,5430.399902,5430.399902,698313500.0
2014-05-02,5430.399902,5439.200195,5412.700195,5438.799805,5438.799805,689641600.0
2014-05-05,5438.799805,5465.399902,5425.0,5443.399902,5443.399902,553522800.0
2014-05-06,5443.399902,5472.600098,5443.399902,5462.700195,5462.700195,558706800.0
2014-05-07,5462.700195,5462.700195,5402.0,5419.100098,5419.100098,727546200.0
2014-05-08,5419.100098,5463.600098,5419.100098,5455.899902,5455.899902,725077400.0
2014-05-09,5455.899902,5455.899902,5414.299805,5442.0,5442.0,680602900.0
2014-05-12,5442.0,5460.399902,5414.100098,5429.0,5429.0,649060900.0
2014-05-13,5429.0,5483.100098,5429.0,5475.399902,5475.399902,925035900.0
2014-05-14,5475.399902,5482.600098,5453.799805,5475.899902,5475.899902,771600300.0
2014-05-15,5476.399902,5490.200195,5452.5,5490.200195,5490.200195,786206000.0
2014-05-16,5490.200195,5490.200195,5451.700195,5458.899902,5458.899902,726569900.0
2014-05-19,5458.899902,5458.899902,5390.299805,5390.299805,5390.299805,824779900.0
2014-05-20,5390.299805,5413.5,5367.5,5401.700195,5401.700195,735598000.0
2014-05-21,5401.700195,5403.899902,5353.399902,5403.899902,5403.899902,867724600.0
2014-05-22,5403.899902,5467.5,5403.899902,5458.100098,5458.100098,788151300.0
2014-05-23,5458.100098,5484.299805,5458.100098,5470.299805,5470.299805,721836600.0
2014-05-26,5470.299805,5490.399902,5470.299805,5490.399902,5490.399902,581715100.0
2014-05-27,5490.5,5506.5,5485.5,5490.799805,5490.799805,604208900.0
2014-05-28,5490.799805,5520.299805,5490.799805,5506.700195,5506.700195,720249400.0
2014-05-29,5506.700195,5508.0,5485.100098,5499.200195,5499.200195,610957800.0
2014-05-30,5499.200195,5504.5,5473.799805,5473.799805,5473.799805,1431053400.0
2014-06-02,5466.299805,5502.399902,5464.200195,5499.200195,5499.200195,793794700.0
2014-06-03,5499.200195,5506.0,5459.100098,5460.5,5460.5,878979600.0
2014-06-04,5460.5,5463.600098,5424.399902,5426.799805,5426.799805,789083600.0
2014-06-05,5426.799805,5437.0,5400.600098,5419.700195,5419.700195,788011400.0
2014-06-06,5419.700195,5452.100098,5419.700195,5443.5,5443.5,825615800.0
2014-06-10,5443.5,5474.0,5442.399902,5448.5,5448.5,727519300.0
2014-06-11,5448.5,5448.5,5424.399902,5432.5,5432.5,754729500.0
2014-06-12,5432.5,5432.5,5402.899902,5407.899902,5407.899902,690112000.0
2014-06-13,5407.899902,5407.899902,5354.700195,5383.700195,5383.700195,940029200.0
2014-06-16,5383.700195,5390.600098,5360.299805,5390.600098,5390.600098,823085000.0
2014-06-17,5390.600098,5394.799805,5367.399902,5380.700195,5380.700195,831574500.0
2014-06-18,5380.700195,5385.0,5363.899902,5363.899902,5363.899902,866422900.0
2014-06-19,5363.899902,5446.399902,5363.899902,5446.399902,5446.399902,1084457300.0
2014-06-20,5446.399902,5446.399902,5399.799805,5401.600098,5401.600098,1270638400.0
2014-06-23,5401.600098,5448.0,5401.600098,5432.700195,5432.700195,774168300.0
2014-06-24,5432.700195,5434.200195,5406.799805,5415.100098,5415.100098,764063200.0
2014-06-25,5415.100098,5415.100098,5363.200195,5386.799805,5386.799805,869626000.0
2014-06-26,5386.799805,5446.799805,5386.799805,5446.799805,5446.799805,747437700.0
2014-06-27,5446.799805,5462.100098,5424.700195,5429.100098,5429.100098,940869600.0
2014-06-30,5429.100098,5429.799805,5382.0,5382.0,5382.0,755250700.0
2014-07-01,5382.0,5400.600098,5361.399902,5366.5,5366.5,805187000.0
2014-07-02,5366.5,5441.700195,5366.5,5441.700195,5441.700195,757821000.0
2014-07-03,5443.0,5487.0,5443.0,5479.5,5479.5,749875400.0
2014-07-04,5479.5,5519.100098,5479.5,5511.799805,5511.799805,699379300.0
2014-07-07,5511.799805,5523.100098,5502.200195,5506.299805,5506.299805,577671900.0
2014-07-08,5506.299805,5507.399902,5488.600098,5498.5,5498.5,649973900.0
2014-07-09,5498.5,5498.5,5430.100098,5442.200195,5442.200195,726492100.0
2014-07-10,5442.200195,5458.0,5439.5,5454.299805,5454.299805,709693700.0
2014-07-11,5454.299805,5490.0,5432.700195,5474.600098,5474.600098,656702200.0
2014-07-14,5474.600098,5503.5,5474.600098,5495.799805,5495.799805,608421200.0
2014-07-15,5495.799805,5520.399902,5479.600098,5495.700195,5495.700195,665371200.0
2014-07-16,5495.700195,5511.0,5485.700195,5504.5,5504.5,714446500.0
2014-07-17,5504.600098,5545.899902,5504.600098,5509.899902,5509.899902,863972900.0
2014-07-18,5509.899902,5519.200195,5472.899902,5519.200195,5519.200195,739746400.0
2014-07-21,5519.200195,5539.799805,5517.600098,5528.700195,5528.700195,582627300.0
2014-07-22,5528.700195,5535.200195,5520.5,5534.0,5534.0,675540100.0
2014-07-23,5534.0,5587.700195,5534.0,5567.0,5567.0,771809900.0
2014-07-24,5565.100098,5582.5,5563.700195,5576.799805,5576.799805,786020500.0
2014-07-25,5576.799805,5577.600098,5558.700195,5574.200195,5574.200195,747314700.0
2014-07-28,5574.200195,5578.600098,5551.200195,5569.899902,5569.899902,749848200.0
2014-07-29,5569.899902,5586.200195,5560.0,5580.600098,5580.600098,638052900.0
2014-07-30,5580.600098,5623.0,5580.600098,5615.100098,5615.100098,729613500.0
2014-07-31,5615.200195,5633.299805,5611.0,5623.100098,5623.100098,763967800.0
2014-08-01,5623.100098,5623.100098,5535.799805,5547.600098,5547.600098,822477700.0
2014-08-04,5544.600098,5544.600098,5517.299805,5533.299805,5533.299805,542479700.0
2014-08-05,5533.299805,5540.299805,5503.5,5511.5,5511.5,717943000.0
2014-08-06,5511.600098,5511.600098,5488.100098,5504.0,5504.0,693547000.0
2014-08-07,5504.0,5513.700195,5483.5,5500.700195,5500.700195,814077100.0
2014-08-08,5500.700195,5500.700195,5419.700195,5429.600098,5429.600098,851190800.0
2014-08-11,5429.600098,5468.5,5429.600098,5449.399902,5449.399902,634899300.0
2014-08-12,5449.399902,5526.100098,5449.399902,5523.100098,5523.100098,869261300.0
2014-08-13,5523.100098,5523.100098,5497.5,5507.899902,5507.899902,808016000.0
2014-08-14,5507.899902,5552.0,5507.899902,5542.899902,5542.899902,905399000.0
2014-08-15,5542.899902,5571.700195,5539.799805,5559.600098,5559.600098,711282600.0
2014-08-18,5559.600098,5580.600098,5559.600098,5580.600098,5580.600098,578947700.0
2014-08-19,5580.600098,5621.200195,5577.600098,5618.399902,5618.399902,860880000.0
2014-08-20,5618.399902,5633.200195,5601.100098,5629.200195,5629.200195,857711800.0
2014-08-21,5629.200195,5672.299805,5629.200195,5634.0,5634.0,942020100.0
2014-08-22,5634.0,5657.200195,5634.0,5640.5,5640.5,773785800.0
2014-08-25,5640.5,5645.600098,5623.799805,5632.799805,5632.799805,705505500.0
2014-08-26,5632.799805,5644.600098,5624.5,5634.5,5634.5,836006100.0
2014-08-27,5634.5,5650.5,5634.5,5648.899902,5648.899902,938706700.0
2014-08-28,5648.899902,5648.899902,5617.5,5621.299805,5621.299805,1094633800.0
2014-08-29,5621.299805,5628.299805,5613.5,5624.600098,5624.600098,1144748100.0
2014-09-01,5624.600098,5652.200195,5624.600098,5629.299805,5629.299805,0.0
2014-09-02,5629.299805,5656.899902,5618.200195,5656.899902,5656.899902,704953700.0
2014-09-03,5656.899902,5670.5,5643.299805,5654.600098,5654.600098,904956300.0
2014-09-04,5654.600098,5656.600098,5620.0,5632.100098,5632.100098,762256300.0
2014-09-05,5632.100098,5632.100098,5593.799805,5598.899902,5598.899902,736236000.0
2014-09-08,5598.899902,5602.0,5571.0,5578.899902,5578.899902,611820300.0
2014-09-09,5578.5,5608.600098,5575.399902,5608.200195,5608.200195,786992600.0
2014-09-10,5608.200195,5608.200195,5558.700195,5574.399902,5574.399902,799208700.0
2014-09-11,5574.399902,5596.200195,5544.5,5546.899902,5546.899902,755594100.0
2014-09-12,5546.899902,5549.100098,5511.899902,5532.299805,5532.299805,764008700.0
2014-09-15,5532.299805,5532.299805,5475.399902,5475.399902,5475.399902,797929900.0
2014-09-16,5468.600098,5485.399902,5442.200195,5446.200195,5446.200195,863804800.0
2014-09-17,5446.200195,5464.200195,5405.299805,5411.399902,5411.399902,948417100.0
2014-09-18,5411.399902,5434.0,5379.5,5419.0,5419.0,1029665100.0
2014-09-19,5419.0,5447.0,5419.0,5437.299805,5437.299805,1552909200.0
2014-09-22,5437.399902,5438.100098,5357.100098,5368.200195,5368.200195,848957900.0
2014-09-23,5368.200195,5422.600098,5343.299805,5415.899902,5415.899902,861330100.0
2014-09-24,5415.899902,5415.899902,5357.799805,5375.899902,5375.899902,758099000.0
2014-09-25,5375.899902,5411.299805,5374.399902,5382.399902,5382.399902,680191800.0
2014-09-26,5374.799805,5374.799805,5312.299805,5316.600098,5316.600098,825969200.0
2014-09-29,5316.600098,5316.600098,5266.399902,5269.600098,5269.600098,706321100.0
2014-09-30,5269.600098,5296.799805,5258.5,5296.799805,5296.799805,841522200.0
2014-10-01,5296.799805,5336.600098,5249.700195,5334.5,5334.5,775972900.0
2014-10-02,5334.5,5334.5,5284.799805,5298.5,5298.5,765990300.0
2014-10-03,5298.5,5316.100098,5282.200195,5315.399902,5315.399902,687374000.0
2014-10-05,5315.399902,5318.200195,5277.200195,5292.600098,5292.600098,453050900.0
2014-10-06,5292.600098,5317.899902,5212.600098,5284.799805,5284.799805,828181000.0
2014-10-07,5284.799805,5284.799805,5213.0,5241.600098,5241.600098,861008300.0
2014-10-08,5241.600098,5320.700195,5241.600098,5293.299805,5293.299805,826658700.0
2014-10-09,5293.299805,5293.299805,5185.700195,5185.700195,5185.700195,933671700.0
2014-10-12,5185.700195,5185.700195,5121.200195,5153.100098,5153.100098,838756400.0
2014-10-13,5204.0,5204.0,5204.0,5204.0,5204.0,0.0
2014-10-14,5204.0,5246.299805,5203.0,5238.0,5238.0,832733000.0
2014-10-15,5238.0,5247.600098,5157.0,5244.299805,5244.299805,991312300.0
2014-10-16,5244.299805,5295.799805,5244.299805,5260.100098,5260.100098,878978500.0
2014-10-19,5260.100098,5328.600098,5260.100098,5307.299805,5307.299805,655270100.0
2014-10-20,5307.299805,5331.799805,5300.899902,5312.5,5312.5,961166200.0
2014-10-21,5312.5,5375.200195,5312.5,5373.299805,5373.299805,783556700.0
2014-10-22,5373.299805,5376.899902,5353.200195,5369.899902,5369.899902,785473800.0
2014-10-23,5369.899902,5411.600098,5369.899902,5399.299805,5399.299805,760276200.0
2014-10-26,5399.299805,5445.200195,5399.299805,5442.0,5442.0,778844500.0
2014-10-27,5441.899902,5441.899902,5416.299805,5434.0,5434.0,826613900.0
2014-10-28,5434.0,5462.600098,5425.600098,5431.100098,5431.100098,904444100.0
2014-10-29,5431.100098,5458.799805,5431.100098,5457.100098,5457.100098,881897200.0
2014-10-30,5457.100098,5505.0,5457.100098,5505.0,5505.0,944111900.0
2014-11-02,5505.0,5515.100098,5478.299805,5485.0,5485.0,699734400.0
2014-11-03,5485.0,5508.299805,5482.299805,5498.200195,5498.200195,598414900.0
2014-11-04,5498.200195,5498.200195,5459.700195,5492.799805,5492.799805,761462700.0
2014-11-05,5492.799805,5521.0,5467.600098,5479.200195,5479.200195,822648200.0
2014-11-06,5479.200195,5522.100098,5474.299805,5522.100098,5522.100098,875994700.0
2014-11-09,5522.100098,5523.5,5480.5,5501.399902,5501.399902,845126100.0
2014-11-10,5501.399902,5510.600098,5486.5,5494.0,5494.0,775103100.0
2014-11-11,5494.0,5494.0,5439.5,5443.0,5443.0,761391300.0
2014-11-12,5443.0,5450.5,5415.799805,5423.5,5423.5,690032900.0
2014-11-13,5423.5,5436.700195,5401.799805,5433.799805,5433.799805,613263400.0
2014-11-16,5433.799805,5440.399902,5390.200195,5396.600098,5396.600098,619406700.0
2014-11-17,5396.600098,5414.100098,5372.899902,5383.100098,5383.100098,597001100.0
2014-11-18,5383.100098,5384.0,5350.899902,5352.5,5352.5,806696100.0
2014-11-19,5352.5,5352.5,5302.399902,5302.5,5302.5,839300000.0
2014-11-20,5302.5,5312.799805,5281.399902,5292.100098,5292.100098,840697100.0
2014-11-23,5292.100098,5363.700195,5292.100098,5349.0,5349.0,698192800.0
2014-11-24,5349.0,5349.0,5286.0,5320.899902,5320.899902,1067560600.0
2014-11-25,5320.899902,5380.299805,5320.899902,5380.299805,5380.299805,686953400.0
2014-11-26,5377.700195,5379.399902,5377.200195,5379.399902,5379.399902,0.0
2014-11-27,5381.399902,5381.399902,5298.100098,5298.100098,5298.100098,825749500.0
2014-11-30,5298.100098,5300.5,5190.700195,5190.700195,5190.700195,0.0
2014-12-01,5190.700195,5263.100098,5190.700195,5260.0,5260.0,901188900.0
2014-12-02,5301.200195,5301.200195,5301.200195,5301.200195,5301.200195,0.0
2014-12-03,5345.399902,5345.399902,5345.399902,5345.399902,5345.399902,0.0
2014-12-04,5345.399902,5364.700195,5287.700195,5313.600098,5313.600098,831605500.0
2014-12-07,5348.299805,5348.299805,5311.200195,5315.600098,5315.600098,85616100.0
2014-12-08,5258.299805,5258.299805,5258.299805,5258.299805,5258.299805,0.0
2014-12-09,5258.299805,5263.700195,5199.899902,5237.100098,5237.100098,0.0
2014-12-10,5237.100098,5237.100098,5168.399902,5207.399902,5207.399902,0.0
2014-12-11,5207.399902,5218.200195,5182.899902,5196.899902,5196.899902,877389600.0
2014-12-14,5164.600098,5164.600098,5164.600098,5164.600098,5164.600098,0.0
2014-12-15,5164.600098,5164.600098,5121.700195,5131.0,5131.0,0.0
2014-12-16,5131.0,5166.100098,5128.700195,5140.600098,5140.600098,0.0
2014-12-17,5154.5,5239.399902,5140.600098,5189.700195,5189.700195,0.0
2014-12-18,5189.700195,5316.399902,5189.700195,5312.700195,5312.700195,0.0
2014-12-21,5312.700195,5414.100098,5312.700195,5414.100098,5414.100098,0.0
2014-12-22,5414.100098,5414.100098,5356.399902,5356.399902,5356.399902,0.0
2014-12-23,5356.399902,5372.700195,5343.0,5369.5,5369.5,0.0
2014-12-28,5369.5,5453.200195,5369.5,5447.0,5447.0,0.0
2014-12-29,5447.0,5458.299805,5391.299805,5392.299805,5392.299805,0.0
2014-12-30,5392.299805,5413.299805,5378.100098,5388.600098,5388.600098,0.0
2015-01-01,5388.600098,5415.0,5366.399902,5415.0,5415.0,0.0
2015-01-04,5415.0,5447.600098,5409.399902,5429.5,5429.5,0.0
2015-01-05,5429.5,5429.5,5321.5,5346.200195,5346.200195,0.0
2015-01-06,5346.200195,5348.899902,5301.200195,5334.5,5334.5,0.0
2015-01-07,5334.5,5373.399902,5334.5,5359.399902,5359.399902,0.0
2015-01-08,5359.399902,5440.100098,5359.399902,5440.100098,5440.100098,0.0
2015-01-11,5440.100098,5440.100098,5396.299805,5399.5,5399.5,0.0
2015-01-12,5399.5,5399.5,5352.299805,5382.100098,5382.100098,0.0
2015-01-13,5382.100098,5382.700195,5325.600098,5332.200195,5332.200195,0.0
2015-01-14,5332.200195,5332.200195,5283.899902,5310.600098,5310.600098,0.0
2015-01-15,5310.600098,5311.799805,5248.5,5278.799805,5278.799805,0.0
2015-01-18,5278.799805,5348.899902,5278.799805,5289.0,5289.0,0.0
2015-01-19,5289.0,5293.299805,5263.5,5286.799805,5286.799805,0.0
2015-01-20,5286.799805,5367.399902,5286.799805,5367.399902,5367.399902,0.0
2015-01-21,5367.399902,5404.200195,5367.399902,5390.5,5390.5,0.0
2015-01-22,5390.5,5468.200195,5390.5,5468.200195,5468.200195,0.0
2015-01-26,5468.200195,5511.5,5464.100098,5511.5,5511.5,0.0
2015-01-27,5511.5,5522.200195,5486.600098,5516.600098,5516.600098,0.0
2015-01-28,5516.600098,5538.100098,5483.0,5532.200195,5532.200195,0.0
2015-01-29,5532.200195,5579.399902,5532.200195,5551.600098,5551.600098,0.0
2015-02-01,5551.600098,5600.0,5551.600098,5586.5,5586.5,0.0
2015-02-02,5586.5,5676.100098,5586.5,5666.200195,5666.200195,0.0
2015-02-03,5666.200195,5759.200195,5666.200195,5733.700195,5733.700195,0.0
2015-02-04,5733.700195,5772.299805,5715.200195,5765.5,5765.5,0.0
2015-02-05,5765.5,5803.0,5764.799805,5774.700195,5774.700195,0.0
2015-02-08,5774.700195,5774.700195,5736.600098,5770.100098,5770.100098,0.0
2015-02-09,5770.100098,5774.0,5739.100098,5757.399902,5757.399902,0.0
2015-02-10,5757.399902,5777.399902,5721.100098,5731.700195,5731.700195,0.0
2015-02-11,5731.700195,5752.799805,5704.0,5707.700195,5707.700195,0.0
2015-02-12,5707.700195,5850.200195,5707.700195,5835.5,5835.5,0.0
2015-02-15,5835.5,5852.299805,5804.0,5849.5,5849.5,0.0
2015-02-16,5849.5,5849.5,5809.100098,5822.299805,5822.299805,0.0
2015-02-17,5822.299805,5877.899902,5810.100098,5877.899902,5877.899902,0.0
2015-02-18,5877.899902,5908.299805,5854.799805,5869.799805,5869.799805,0.0
2015-02-19,5869.799805,5876.399902,5837.700195,5845.600098,5845.600098,0.0
2015-02-22,5845.600098,5879.799805,5835.600098,5872.399902,5872.399902,0.0
2015-02-23,5872.399902,5894.5,5851.399902,5890.0,5890.0,0.0
2015-02-24,5890.0,5917.100098,5878.200195,5908.600098,5908.600098,0.0
2015-02-25,5908.600098,5908.600098,5869.0,5877.899902,5877.899902,0.0
2015-02-26,5877.899902,5913.0,5847.899902,5898.5,5898.5,0.0
2015-03-01,5898.5,5949.299805,5898.5,5926.299805,5926.299805,0.0
2015-03-02,5926.299805,5962.0,5872.799805,5902.899902,5902.899902,0.0
2015-03-03,5902.899902,5916.100098,5869.100098,5871.5,5871.5,0.0
2015-03-04,5871.5,5873.700195,5840.399902,5873.700195,5873.700195,0.0
2015-03-05,5873.700195,5885.299805,5841.5,5868.600098,5868.600098,0.0
2015-03-08,5868.600098,5868.600098,5786.799805,5793.0,5793.0,0.0
2015-03-09,5793.0,5825.299805,5782.100098,5794.299805,5794.299805,0.0
2015-03-10,5794.299805,5794.299805,5720.5,5763.299805,5763.299805,0.0
2015-03-11,5763.299805,5820.899902,5756.700195,5816.0,5816.0,0.0
2015-03-12,5816.0,5821.0,5771.899902,5788.0,5788.0,0.0
2015-03-15,5788.0,5788.0,5736.0,5769.700195,5769.700195,0.0
2015-03-16,5769.700195,5831.200195,5769.700195,5811.0,5811.0,0.0
2015-03-17,5811.0,5813.5,5757.700195,5808.0,5808.0,0.0
2015-03-18,5808.0,5913.600098,5808.0,5912.5,5912.5,0.0
2015-03-19,5912.5,5940.0,5892.100098,5936.299805,5936.299805,0.0
2015-03-22,5936.299805,5956.100098,5915.5,5921.0,5921.0,0.0
2015-03-23,5921.0,5945.700195,5921.0,5934.5,5934.5,0.0
2015-03-24,5934.5,5952.5,5927.100098,5937.100098,5937.100098,0.0
2015-03-25,5937.100098,5937.100098,5849.700195,5849.700195,5849.700195,0.0
2015-03-26,5849.700195,5901.100098,5848.5,5888.899902,5888.899902,0.0
2015-03-29,5888.899902,5888.899902,5799.799805,5816.299805,5816.299805,0.0
2015-03-30,5816.299805,5898.100098,5816.299805,5861.899902,5861.899902,0.0
2015-03-31,5861.899902,5861.899902,5817.700195,5832.899902,5832.899902,0.0
2015-04-01,5832.899902,5877.799805,5832.899902,5869.700195,5869.700195,0.0
2015-04-07,5869.700195,5947.799805,5868.100098,5893.200195,5893.200195,0.0
2015-04-08,5893.200195,5940.5,5893.200195,5928.299805,5928.299805,0.0
2015-04-09,5928.299805,5931.100098,5899.799805,5901.5,5901.5,0.0
2015-04-10,5901.5,5935.399902,5896.5,5935.399902,5935.399902,0.0
2015-04-13,5935.399902,5963.5,5926.899902,5928.100098,5928.100098,0.0
2015-04-14,5928.100098,5928.100098,5898.600098,5916.200195,5916.200195,0.0
2015-04-15,5916.200195,5927.799805,5864.299805,5877.299805,5877.299805,0.0
2015-04-16,5877.299805,5939.299805,5877.299805,5917.600098,5917.600098,0.0
2015-04-17,5917.600098,5917.600098,5843.899902,5851.5,5851.5,0.0
2015-04-20,5851.5,5851.5,5783.700195,5806.799805,5806.799805,0.0
2015-04-21,5806.799805,5858.600098,5806.799805,5844.0,5844.0,0.0
2015-04-22,5844.0,5846.299805,5794.899902,5812.799805,5812.799805,0.0
2015-04-23,5812.799805,5824.100098,5802.200195,5820.299805,5820.299805,0.0
2015-04-24,5820.299805,5907.700195,5820.299805,5906.799805,5906.799805,0.0
2015-04-27,5906.799805,5956.899902,5906.799805,5954.799805,5954.799805,0.0
2015-04-28,5954.799805,5956.600098,5921.5,5921.5,5921.5,0.0
2015-04-29,5921.5,5921.5,5818.200195,5818.200195,5818.200195,0.0
2015-04-30,5818.200195,5818.200195,5734.700195,5773.700195,5773.700195,0.0
2015-05-01,5773.700195,5808.100098,5753.399902,5798.799805,5798.799805,0.0
2015-05-04,5798.799805,5832.299805,5782.100098,5815.899902,5815.899902,0.0
2015-05-05,5815.899902,5886.200195,5793.399902,5816.200195,5816.200195,0.0
2015-05-06,5816.200195,5816.200195,5690.899902,5690.899902,5690.899902,0.0
2015-05-07,5690.899902,5690.899902,5609.799805,5644.799805,5644.799805,0.0
2015-05-08,5644.799805,5685.899902,5635.399902,5635.399902,5635.399902,0.0
2015-05-11,5635.399902,5697.5,5626.0,5627.600098,5627.600098,0.0
2015-05-12,5629.700195,5681.899902,5619.0,5673.100098,5673.100098,1005820300.0
2015-05-13,5673.100098,5712.799805,5668.299805,5710.799805,5710.799805,837790300.0
2015-05-14,5715.100098,5715.100098,5663.5,5696.600098,5696.600098,0.0
2015-05-15,5692.5,5741.399902,5692.5,5730.0,5730.0,731778500.0
2015-05-18,5730.0,5731.200195,5660.0,5660.0,5660.0,610399700.0
2015-05-19,5659.799805,5673.100098,5615.5,5619.399902,5619.399902,756978700.0
2015-05-20,5619.399902,5627.700195,5580.399902,5614.0,5614.0,745436800.0
2015-05-21,5614.0,5667.299805,5614.0,5663.600098,5663.600098,908917000.0
2015-05-22,5663.600098,5693.100098,5658.600098,5668.200195,5668.200195,613212100.0
2015-05-25,5668.200195,5731.899902,5668.200195,5719.899902,5719.899902,555328300.0
2015-05-26,5719.899902,5771.5,5719.899902,5770.399902,5770.399902,617059800.0
2015-05-27,5770.399902,5770.399902,5715.100098,5724.200195,5724.200195,792431500.0
2015-05-28,5724.200195,5744.600098,5694.700195,5714.600098,5714.600098,675797200.0
2015-05-29,5714.600098,5798.799805,5714.600098,5774.899902,5774.899902,1590725600.0
2015-06-01,5774.899902,5774.899902,5685.600098,5734.0,5734.0,604756700.0
2015-06-02,5734.0,5752.299805,5639.899902,5639.899902,5639.899902,723850200.0
2015-06-03,5639.899902,5643.799805,5581.0,5588.299805,5588.299805,756800800.0
2015-06-04,5588.299805,5606.600098,5511.299805,5511.299805,5511.299805,813761800.0
2015-06-05,5511.299805,5535.399902,5479.700195,5506.5,5506.5,669089500.0
2015-06-09,5506.5,5529.700195,5476.5,5479.700195,5479.700195,740020700.0
2015-06-10,5479.700195,5492.600098,5463.0,5486.0,5486.0,709764300.0
2015-06-11,5486.0,5562.600098,5486.0,5562.600098,5562.600098,721529000.0
2015-06-12,5562.600098,5562.600098,5536.399902,5552.100098,5552.100098,636019200.0
2015-06-15,5552.100098,5552.100098,5501.700195,5541.5,5541.5,675127400.0
2015-06-16,5541.5,5573.5,5530.700195,5535.200195,5535.200195,747589400.0
2015-06-17,5535.200195,5602.200195,5535.200195,5590.299805,5590.299805,801959000.0
2015-06-18,5590.299805,5590.299805,5501.899902,5522.700195,5522.700195,1102201200.0
2015-06-19,5522.700195,5606.100098,5522.700195,5591.5,5591.5,1419479800.0
2015-06-22,5591.5,5606.5,5564.399902,5603.100098,5603.100098,721602700.0
2015-06-23,5603.100098,5679.600098,5603.100098,5671.399902,5671.399902,822018400.0
2015-06-24,5671.399902,5690.200195,5666.600098,5672.700195,5672.700195,752180600.0
2015-06-25,5672.700195,5672.700195,5619.899902,5619.899902,5619.899902,868898800.0
2015-06-26,5619.899902,5619.899902,5515.200195,5536.100098,5536.100098,943659500.0
2015-06-29,5536.100098,5536.100098,5408.600098,5413.100098,5413.100098,0.0
2015-06-30,5416.600098,5457.700195,5383.399902,5451.200195,5451.200195,1005583400.0
2015-07-01,5448.100098,5506.0,5445.600098,5506.0,5506.0,752445600.0
2015-07-02,5506.100098,5596.600098,5503.799805,5587.899902,5587.899902,816716500.0
2015-07-03,5587.899902,5588.0,5483.100098,5528.0,5528.0,682555600.0
2015-07-06,5528.0,5528.0,5428.799805,5463.299805,5463.299805,541911900.0
2015-07-07,5463.299805,5558.700195,5463.299805,5555.5,5555.5,0.0
2015-07-08,5564.0,5564.0,5456.5,5456.5,5456.5,799011500.0
2015-07-09,5456.5,5475.0,5372.399902,5472.799805,5472.799805,0.0
2015-07-10,5458.799805,5512.399902,5458.799805,5478.100098,5478.100098,602541800.0
2015-07-13,5478.100098,5525.899902,5439.899902,5460.399902,5460.399902,520325700.0
2015-07-14,5460.399902,5570.799805,5460.399902,5561.899902,5561.899902,650623300.0
2015-07-15,5561.899902,5619.899902,5561.600098,5609.700195,5609.700195,0.0
2015-07-16,5619.0,5672.100098,5619.0,5649.799805,5649.799805,698347800.0
2015-07-17,5649.799805,5668.700195,5630.5,5652.5,5652.5,667907800.0
2015-07-20,5652.5,5670.299805,5636.299805,5669.0,5669.0,551459100.0
2015-07-21,5669.0,5699.299805,5669.0,5688.5,5688.5,643601100.0
2015-07-22,5688.5,5688.5,5602.700195,5603.5,5603.5,751086400.0
2015-07-23,5603.5,5607.0,5577.200195,5581.299805,5581.299805,646842900.0
2015-07-24,5581.299805,5595.5,5539.0,5556.799805,5556.799805,603017600.0
2015-07-27,5556.600098,5579.200195,5529.100098,5579.200195,5579.200195,762964500.0
2015-07-28,5579.100098,5592.299805,5519.799805,5571.0,5571.0,839073200.0
2015-07-29,5571.0,5634.5,5571.0,5609.600098,5609.600098,794077900.0
2015-07-30,5609.600098,5659.399902,5609.600098,5653.100098,5653.100098,684565800.0
2015-07-31,5653.100098,5682.700195,5653.100098,5681.700195,5681.700195,825633300.0
2015-08-03,5681.700195,5686.600098,5656.0,5664.299805,5664.299805,539957200.0
2015-08-04,5664.299805,5710.799805,5645.700195,5681.899902,5681.899902,804592400.0
2015-08-05,5681.899902,5684.200195,5628.0,5659.5,5659.5,759159300.0
2015-08-06,5659.5,5659.5,5580.100098,5600.100098,5600.100098,630708800.0
2015-08-07,5600.100098,5600.100098,5472.299805,5472.299805,5472.299805,667450700.0
2015-08-10,5472.299805,5508.100098,5456.799805,5504.899902,5504.899902,552922300.0
2015-08-11,5516.399902,5537.5,5461.799805,5473.100098,5473.100098,690615400.0
2015-08-12,5473.100098,5479.0,5367.799805,5383.5,5383.5,875736200.0
2015-08-13,5383.5,5425.0,5383.5,5389.0,5389.0,761700600.0
2015-08-14,5389.0,5402.700195,5355.0,5360.0,5360.0,710990900.0
2015-08-17,5360.0,5398.100098,5360.0,5368.600098,5368.600098,585242700.0
2015-08-18,5368.600098,5388.899902,5309.399902,5309.399902,5309.399902,817300100.0
2015-08-19,5309.399902,5382.5,5309.399902,5379.799805,5379.799805,777872400.0
2015-08-20,5379.799805,5379.799805,5283.399902,5295.5,5295.5,832834300.0
2015-08-21,5295.5,5295.5,5183.399902,5224.799805,5224.799805,1186261000.0
2015-08-24,5218.600098,5218.600098,5014.200195,5014.200195,5014.200195,1265354000.0
2015-08-25,5014.200195,5155.299805,4936.299805,5143.799805,5143.799805,1424622500.0
2015-08-26,5143.799805,5185.100098,5062.0,5178.899902,5178.899902,1334005300.0
2015-08-27,5178.899902,5284.600098,5178.899902,5242.600098,5242.600098,911242500.0
2015-08-28,5242.600098,5314.5,5241.5,5274.700195,5274.700195,1039057000.0
2015-08-31,5274.700195,5274.700195,5176.600098,5222.100098,5222.100098,1073627100.0
2015-09-01,5222.100098,5228.399902,5111.799805,5117.100098,5117.100098,906807800.0
2015-09-02,5117.100098,5120.600098,5037.0,5119.399902,5119.399902,974008800.0
2015-09-03,5119.399902,5190.700195,5048.600098,5048.700195,5048.700195,861454500.0
2015-09-04,5056.299805,5088.100098,5017.299805,5060.799805,5060.799805,882621200.0
2015-09-07,5060.799805,5065.5,4996.600098,5051.0,5051.0,663040800.0
2015-09-08,5051.0,5133.5,5051.0,5133.5,5133.5,718923500.0
2015-09-09,5133.5,5236.899902,5133.5,5236.899902,5236.899902,987307900.0
2015-09-10,5236.899902,5236.899902,5109.299805,5117.0,5117.0,1210228600.0
2015-09-11,5117.0,5137.5,5079.100098,5096.299805,5096.299805,731414700.0
2015-09-14,5096.299805,5154.0,5093.399902,5120.5,5120.5,797599900.0
2015-09-15,5120.5,5126.899902,5045.600098,5046.600098,5046.600098,811791300.0
2015-09-16,5046.600098,5123.600098,5046.600098,5123.600098,5123.600098,892453000.0
2015-09-17,5123.600098,5215.200195,5123.600098,5171.200195,5171.200195,922436300.0
2015-09-18,5171.200195,5218.299805,5121.200195,5194.299805,5194.299805,1338761100.0
2015-09-21,5194.299805,5194.299805,5059.200195,5096.399902,5096.399902,678284900.0
2015-09-22,5096.399902,5153.299805,5096.399902,5130.799805,5130.799805,638604500.0
2015-09-23,5130.799805,5130.799805,5022.899902,5032.5,5032.5,820755700.0
2015-09-24,5032.5,5102.299805,5032.5,5102.299805,5102.299805,799537400.0
2015-09-25,5102.299805,5145.0,5069.700195,5076.700195,5076.700195,821389700.0
2015-09-28,5076.700195,5145.100098,5065.899902,5145.100098,5145.100098,642939100.0
2015-09-29,5132.0,5132.0,4958.100098,4958.100098,4958.100098,1165534200.0
2015-09-30,4958.100098,5058.600098,4958.100098,5058.600098,5058.600098,985790800.0
2015-10-01,5058.600098,5147.899902,5058.600098,5144.100098,5144.100098,698738000.0
2015-10-02,5144.100098,5150.700195,5080.299805,5089.200195,5089.200195,586522200.0
2015-10-04,5089.200195,5186.700195,5089.200195,5184.100098,5184.100098,394373000.0
2015-10-05,5184.600098,5249.5,5184.600098,5199.0,5199.0,714860500.0
2015-10-06,5199.0,5228.399902,5171.100098,5228.399902,5228.399902,760392200.0
2015-10-07,5228.399902,5284.700195,5228.399902,5241.399902,5241.399902,784778100.0
2015-10-08,5241.399902,5311.5,5241.399902,5309.200195,5309.200195,799437500.0
2015-10-11,5309.200195,5309.200195,5260.299805,5267.399902,5267.399902,755522700.0
2015-10-12,5267.399902,5267.399902,5207.200195,5234.600098,5234.600098,763430100.0
2015-10-13,5234.600098,5234.600098,5198.799805,5230.399902,5230.399902,862383200.0
2015-10-14,5230.399902,5273.200195,5230.399902,5265.600098,5265.600098,841546900.0
2015-10-15,5265.600098,5329.200195,5265.600098,5303.700195,5303.700195,788976800.0
2015-10-18,5303.700195,5328.200195,5290.299805,5304.600098,5304.600098,645032100.0
2015-10-19,5304.600098,5304.600098,5265.100098,5271.600098,5271.600098,651631500.0
2015-10-20,5271.600098,5296.799805,5236.100098,5286.5,5286.5,685001000.0
2015-10-21,5286.5,5300.299805,5256.399902,5299.600098,5299.600098,758697200.0
2015-10-22,5299.600098,5407.700195,5299.600098,5388.100098,5388.100098,888104500.0
2015-10-25,5388.100098,5420.600098,5385.0,5386.299805,5386.299805,648611600.0
2015-10-26,5386.299805,5393.5,5378.399902,5384.600098,5384.600098,695537500.0
2015-10-27,5384.600098,5392.899902,5358.799805,5374.399902,5374.399902,768361900.0
2015-10-28,5374.399902,5392.200195,5301.700195,5310.200195,5310.200195,823793900.0
2015-10-29,5310.200195,5310.799805,5253.0,5288.600098,5288.600098,941820900.0
2015-11-01,5288.600098,5299.200195,5218.200195,5221.299805,5221.299805,630761600.0
2015-11-02,5221.299805,5298.0,5221.299805,5291.200195,5291.200195,543224200.0
2015-11-03,5291.200195,5361.399902,5288.200195,5294.799805,5294.799805,791986500.0
2015-11-04,5294.799805,5299.399902,5223.200195,5247.899902,5247.899902,727047700.0
2015-11-05,5239.799805,5271.0,5210.0,5269.700195,5269.700195,701178800.0
2015-11-08,5269.700195,5269.700195,5164.700195,5180.299805,5180.299805,785999300.0
2015-11-09,5180.299805,5180.299805,5109.200195,5157.700195,5157.700195,1074787800.0
2015-11-10,5157.700195,5188.5,5153.200195,5181.100098,5181.100098,796692900.0
2015-11-11,5181.100098,5204.200195,5143.100098,5182.200195,5182.200195,775535400.0
2015-11-12,5182.200195,5182.200195,5071.799805,5111.799805,5111.799805,876937200.0
2015-11-15,5111.799805,5111.799805,5041.600098,5064.5,5064.5,657576600.0
2015-11-16,5064.5,5174.299805,5064.5,5174.299805,5174.299805,808229400.0
2015-11-17,5174.299805,5200.200195,5141.299805,5189.100098,5189.100098,767940900.0
2015-11-18,5293.299805,5293.299805,5293.299805,5293.299805,5293.299805,0.0
2015-11-19,5293.299805,5321.100098,5282.799805,5305.5,5305.5,706773200.0
2015-11-22,5305.5,5334.5,5295.899902,5326.5,5326.5,736828600.0
2015-11-23,5326.5,5326.5,5277.0,5277.0,5277.0,1172629900.0
2015-11-24,5277.0,5282.600098,5244.399902,5245.200195,5245.200195,765684100.0
2015-11-25,5245.200195,5302.200195,5238.0,5259.700195,5259.700195,771576300.0
2015-11-26,5259.700195,5305.799805,5244.799805,5251.399902,5251.399902,805668700.0
2015-11-29,5251.399902,5261.600098,5217.100098,5218.200195,5218.200195,1587991600.0
2015-11-30,5218.200195,5325.5,5218.200195,5312.600098,5312.600098,1010956900.0
2015-12-01,5312.600098,5315.600098,5285.5,5304.700195,5304.700195,825318800.0
2015-12-02,5304.700195,5304.700195,5249.200195,5276.700195,5276.700195,803590800.0
2015-12-03,5276.700195,5276.700195,5168.899902,5201.5,5201.5,776537700.0
2015-12-06,5201.5,5279.100098,5201.5,5205.899902,5205.899902,852170100.0
2015-12-07,5205.899902,5205.899902,5148.0,5158.0,5158.0,972729800.0
2015-12-08,5158.0,5166.700195,5120.700195,5129.899902,5129.899902,840490800.0
2015-12-09,5129.899902,5132.700195,5048.399902,5087.5,5087.5,830927900.0
2015-12-10,5087.5,5116.899902,5067.700195,5078.600098,5078.600098,725856400.0
2015-12-13,5078.600098,5078.600098,4981.700195,4981.899902,4981.899902,817338600.0
2015-12-14,4981.899902,5023.100098,4963.899902,4963.899902,4963.899902,855452100.0
2015-12-15,4963.899902,5078.700195,4963.899902,5078.700195,5078.700195,1089699900.0
2015-12-16,5078.700195,5176.100098,5078.700195,5150.600098,5150.600098,1159027800.0
2015-12-17,5150.600098,5162.299805,5079.799805,5156.5,5156.5,1346183800.0
2015-12-20,5156.5,5175.600098,5126.100098,5157.799805,5157.799805,617481100.0
2015-12-21,5157.799805,5207.799805,5154.299805,5167.700195,5167.700195,635894100.0
2015-12-22,5167.700195,5218.700195,5167.700195,5193.5,5193.5,546492000.0
2015-12-23,5193.5,5259.299805,5193.5,5256.100098,5256.100098,314534300.0
2015-12-27,,,,,,
2015-12-28,5256.100098,5315.600098,5239.0,5315.600098,5315.600098,469439700.0
2015-12-29,5315.600098,5370.200195,5315.600098,5366.399902,5366.399902,473931700.0
2015-12-30,5366.399902,5372.0,5344.600098,5344.600098,5344.600098,324402400.0
2016-01-03,5344.600098,5379.600098,5316.5,5322.799805,5322.799805,486474200.0
2016-01-04,5322.799805,5322.799805,5239.200195,5239.200195,5239.200195,624074200.0
2016-01-05,5239.200195,5245.100098,5151.299805,5178.0,5178.0,658714200.0
2016-01-06,5178.0,5179.100098,5055.399902,5068.799805,5068.799805,799631900.0
2016-01-07,5068.799805,5087.799805,5000.399902,5049.399902,5049.399902,757615100.0
2016-01-10,5049.399902,5049.399902,4941.299805,4990.700195,4990.700195,707504600.0
2016-01-11,4990.700195,5039.899902,4967.799805,4982.200195,4982.200195,741542900.0
2016-01-12,4982.200195,5046.100098,4982.200195,5041.600098,5041.600098,730647500.0
2016-01-13,5041.600098,5041.600098,4922.0,4964.100098,4964.100098,722795800.0
2016-01-14,4982.899902,5048.899902,4927.100098,4948.5,4948.5,665382600.0
2016-01-17,4925.799805,4948.5,4857.899902,4911.799805,4911.799805,669510400.0
2016-01-18,4910.5,4955.100098,4894.200195,4955.100098,4955.100098,735747300.0
2016-01-19,4955.100098,4982.299805,4893.299805,4896.899902,4896.899902,848847800.0
2016-01-20,4896.899902,4979.200195,4896.899902,4917.600098,4917.600098,888921400.0
2016-01-21,4935.5,4984.0,4917.600098,4969.600098,4969.600098,759935300.0
2016-01-24,4969.600098,5057.100098,4969.600098,5057.100098,5057.100098,651722900.0
2016-01-26,5057.100098,5059.799805,4992.799805,5000.799805,5000.799805,836447600.0
2016-01-27,5000.799805,5040.0,4964.100098,5028.100098,5028.100098,807692800.0
2016-01-28,5028.100098,5059.5,5002.700195,5056.600098,5056.600098,1005261400.0
2016-01-31,5056.600098,5122.100098,5056.600098,5094.299805,5094.299805,770865400.0
2016-02-01,5094.299805,5096.200195,5033.5,5044.0,5044.0,753951100.0
2016-02-02,5044.0,5044.0,4927.799805,4930.799805,4930.799805,775678600.0
2016-02-03,4930.799805,5037.899902,4930.799805,5029.299805,5029.299805,865810700.0
2016-02-04,5029.299805,5031.700195,4982.100098,5025.600098,5025.600098,866075900.0
2016-02-07,5025.600098,5026.5,4975.799805,5022.100098,5022.100098,0.0
2016-02-08,5022.100098,5022.100098,4878.0,4882.600098,4882.600098,987120800.0
2016-02-09,4882.600098,4901.299805,4762.100098,4826.5,4826.5,1000056300.0
2016-02-10,4826.5,4870.899902,4823.100098,4870.899902,4870.899902,764014300.0
2016-02-11,4870.899902,4870.899902,4813.200195,4816.600098,4816.600098,878664600.0
2016-02-14,4816.600098,4901.399902,4816.600098,4893.399902,4893.399902,771807900.0
2016-02-15,4893.399902,4961.600098,4869.700195,4961.600098,4961.600098,1003829600.0
2016-02-16,4961.600098,4979.700195,4926.299805,4938.399902,4938.399902,930129700.0
2016-02-17,4938.600098,5047.100098,4938.600098,5047.100098,5047.100098,1303510300.0
2016-02-18,5047.100098,5047.100098,4993.5,5008.299805,5008.299805,1160026100.0
2016-02-21,5008.299805,5062.399902,5005.299805,5056.600098,5056.600098,1318662200.0
2016-02-22,5056.600098,5090.100098,5029.700195,5039.100098,5039.100098,1208423200.0
2016-02-23,5039.100098,5039.100098,4930.700195,4943.299805,4943.299805,1093787900.0
2016-02-24,4943.299805,4969.200195,4914.0,4944.700195,4944.700195,1063823900.0
2016-02-25,4944.700195,4961.299805,4905.5,4945.100098,4945.100098,918075800.0
2016-02-28,4945.100098,4989.0,4945.100098,4947.899902,4947.899902,1008573900.0
2016-02-29,4947.899902,4997.100098,4936.600098,4989.600098,4989.600098,1069990900.0
2016-03-01,4989.600098,5107.200195,4989.600098,5083.5,5083.5,1062909000.0
2016-03-02,5083.5,5142.200195,5083.5,5142.200195,5142.200195,1139769400.0
2016-03-03,5142.200195,5164.600098,5140.799805,5151.100098,5151.100098,1020952700.0
2016-03-06,5151.100098,5211.299805,5151.100098,5204.700195,5204.700195,1173413300.0
2016-03-07,5204.700195,5245.0,5165.799805,5169.5,5169.5,1580905800.0
2016-03-08,5169.5,5215.700195,5143.600098,5215.700195,5215.700195,1066232700.0
2016-03-09,5215.700195,5235.700195,5210.700195,5210.899902,5210.899902,893541100.0
2016-03-10,5210.899902,5239.299805,5180.899902,5224.799805,5224.799805,797959000.0
2016-03-13,5224.799805,5269.5,5224.799805,5242.399902,5242.399902,774539300.0
2016-03-14,5242.399902,5242.399902,5163.899902,5168.600098,5168.600098,780670000.0
2016-03-15,5168.600098,5179.899902,5147.399902,5175.700195,5175.700195,824227400.0
2016-03-16,5175.700195,5249.5,5175.700195,5226.399902,5226.399902,1112346600.0
2016-03-17,5226.399902,5272.100098,5226.399902,5239.299805,5239.299805,1748117100.0
2016-03-20,5239.299805,5253.399902,5208.200195,5224.899902,5224.899902,654391300.0
2016-03-21,5220.700195,5242.399902,5215.299805,5230.799805,5230.799805,744784600.0
2016-03-22,5230.799805,5230.799805,5190.200195,5204.299805,5204.299805,723094600.0
2016-03-23,5197.899902,5197.899902,5137.299805,5151.600098,5151.600098,857651800.0
2016-03-28,5151.600098,5163.700195,5070.399902,5076.200195,5076.200195,643637800.0
2016-03-29,5076.200195,5127.899902,5062.200195,5081.5,5081.5,718967000.0
2016-03-30,5081.600098,5166.100098,5081.600098,5151.799805,5151.799805,725606800.0
2016-03-31,5151.799805,5151.799805,5051.200195,5073.799805,5073.799805,692761000.0
2016-04-04,5073.799805,5118.299805,5070.100098,5070.100098,5070.100098,537357700.0
2016-04-05,5070.100098,5070.100098,4986.700195,5000.399902,5000.399902,710341200.0
2016-04-06,5000.399902,5035.399902,4985.200195,5024.600098,5024.600098,705254500.0
2016-04-07,5024.600098,5062.0,5024.0,5042.299805,5042.299805,673700700.0
2016-04-08,5039.5,5039.5,4975.700195,5018.0,5018.0,633756700.0
2016-04-11,5018.0,5024.700195,4993.799805,5013.200195,5013.200195,665357800.0
2016-04-12,5013.200195,5055.700195,5009.600098,5053.700195,5053.700195,650860600.0
2016-04-13,5053.700195,5127.200195,5053.700195,5127.200195,5127.200195,796226600.0
2016-04-14,5127.200195,5187.700195,5127.200195,5187.700195,5187.700195,794233200.0
2016-04-15,5187.600098,5224.100098,5182.299805,5224.100098,5224.100098,728458000.0
2016-04-18,5224.100098,5225.0,5188.0,5204.899902,5204.899902,768846300.0
2016-04-19,5204.899902,5281.899902,5204.899902,5254.700195,5254.700195,827782900.0
2016-04-20,5254.700195,5297.299805,5254.700195,5281.200195,5281.200195,870243800.0
2016-04-21,5281.200195,5342.399902,5281.200195,5336.399902,5336.399902,948068000.0
2016-04-22,5336.399902,5336.399902,5292.200195,5299.200195,5299.200195,724558800.0
2016-04-26,5299.200195,5309.5,5275.399902,5283.600098,5283.600098,849953600.0
2016-04-27,5283.600098,5342.899902,5246.0,5250.899902,5250.899902,887281500.0
2016-04-28,5250.899902,5301.799805,5250.899902,5289.399902,5289.399902,844011200.0
2016-04-29,5289.399902,5320.100098,5276.299805,5316.0,5316.0,904061300.0
2016-05-02,5316.0,5316.0,5253.200195,5312.0,5312.0,842392800.0
2016-05-03,5312.0,5418.299805,5289.100098,5415.0,5415.0,947384100.0
2016-05-04,5415.0,5415.0,5335.600098,5335.600098,5335.600098,914564600.0
2016-05-05,5335.600098,5356.700195,5316.600098,5344.5,5344.5,827890200.0
2016-05-06,5344.5,5358.600098,5270.200195,5358.600098,5358.600098,884452200.0
2016-05-09,5358.600098,5387.799805,5334.799805,5387.799805,5387.799805,712347500.0
2016-05-10,5387.799805,5404.100098,5354.200195,5403.899902,5403.899902,929238000.0
2016-05-11,5403.899902,5483.700195,5403.899902,5434.799805,5434.799805,881252700.0
2016-05-12,5434.799805,5435.700195,5403.299805,5423.399902,5423.399902,803292600.0
2016-05-13,5423.399902,5436.799805,5377.899902,5396.299805,5396.299805,781387300.0
2016-05-16,5396.299805,5434.200195,5387.799805,5420.299805,5420.299805,658255500.0
2016-05-17,5420.299805,5458.5,5420.299805,5458.5,5458.5,828382700.0
2016-05-18,5458.5,5458.5,5411.700195,5420.5,5420.5,877931900.0
2016-05-19,5420.5,5433.100098,5367.5,5385.600098,5385.600098,890588900.0
2016-05-20,5385.600098,5428.399902,5383.0,5415.200195,5415.200195,712958000.0
2016-05-23,5415.200195,5428.5,5364.100098,5384.899902,5384.899902,678417300.0
2016-05-24,5384.899902,5388.899902,5361.899902,5361.899902,5361.899902,675865100.0
2016-05-25,5361.899902,5457.299805,5361.899902,5436.799805,5436.799805,806996800.0
2016-05-26,5436.799805,5466.200195,5420.100098,5451.899902,5451.899902,776657300.0
2016-05-27,5451.899902,5489.799805,5451.899902,5469.700195,5469.700195,762260000.0
2016-05-30,5469.700195,5479.200195,5456.700195,5473.600098,5473.600098,611764500.0
2016-05-31,5473.600098,5473.600098,5433.399902,5447.799805,5447.799805,1173910200.0
2016-06-01,5447.799805,5447.799805,5379.799805,5395.200195,5395.200195,749018500.0
2016-06-02,5395.200195,5400.899902,5346.799805,5354.200195,5354.200195,719466300.0
2016-06-03,5354.200195,5397.5,5354.200195,5392.5,5392.5,664365100.0
2016-06-06,5392.5,5445.200195,5391.600098,5431.0,5431.0,715776300.0
2016-06-07,5430.799805,5461.0,5430.600098,5441.0,5441.0,836802600.0
2016-06-08,5441.0,5446.299805,5409.299805,5441.100098,5441.100098,738298800.0
2016-06-09,5441.100098,5459.600098,5412.600098,5437.399902,5437.399902,778780800.0
2016-06-10,5437.399902,5437.399902,5374.399902,5391.600098,5391.600098,624932600.0
2016-06-14,5391.600098,5391.600098,5277.799805,5282.5,5282.5,899192400.0
2016-06-15,5282.5,5282.5,5230.399902,5230.399902,5230.399902,843161400.0
2016-06-16,5230.399902,5282.700195,5226.899902,5231.700195,5231.700195,1029379300.0
2016-06-17,5231.700195,5261.700195,5231.700195,5248.299805,5248.299805,1307971600.0
2016-06-20,5248.299805,5335.600098,5248.299805,5335.600098,5335.600098,726872000.0
2016-06-21,5335.600098,5366.899902,5330.399902,5353.299805,5353.299805,772086100.0
2016-06-22,5353.299805,5374.799805,5339.399902,5349.5,5349.5,680091600.0
2016-06-23,5349.600098,5369.600098,5347.5,5358.600098,5358.600098,673266600.0
2016-06-24,5358.600098,5402.200195,5163.700195,5192.799805,5192.799805,1368870800.0
2016-06-27,5192.799805,5233.700195,5132.799805,5216.200195,5216.200195,879729500.0
2016-06-28,5216.200195,5216.200195,5131.899902,5179.700195,5179.700195,975461900.0
2016-06-29,5179.700195,5232.899902,5179.700195,5221.0,5221.0,981446500.0
2016-06-30,5221.0,5324.399902,5221.0,5310.399902,5310.399902,956191200.0
2016-07-01,5310.399902,5356.5,5310.399902,5327.0,5327.0,809092000.0
2016-07-04,5327.100098,5365.200195,5303.100098,5365.200195,5365.200195,684032100.0
2016-07-05,5365.200195,5365.899902,5306.899902,5312.799805,5312.799805,688938600.0
2016-07-06,5312.799805,5312.799805,5237.799805,5284.700195,5284.700195,821640600.0
2016-07-07,5284.700195,5329.299805,5284.700195,5311.0,5311.0,695534000.0
2016-07-08,5311.0,5322.200195,5301.600098,5315.600098,5315.600098,556502300.0
2016-07-11,5315.600098,5417.5,5315.600098,5417.5,5417.5,669305700.0
2016-07-12,5417.5,5469.799805,5417.5,5433.200195,5433.200195,745823900.0
2016-07-13,5433.200195,5473.600098,5433.200195,5470.299805,5470.299805,751867100.0
2016-07-14,5470.299805,5496.799805,5468.200195,5491.799805,5491.799805,662148500.0
2016-07-15,5491.799805,5531.200195,5491.799805,5510.100098,5510.100098,743550100.0
2016-07-18,5510.100098,5542.299805,5509.799805,5538.899902,5538.899902,615112400.0
2016-07-19,5538.899902,5548.200195,5516.799805,5533.899902,5533.899902,765978900.0
2016-07-20,5533.899902,5565.899902,5519.399902,5565.899902,5565.899902,728359700.0
2016-07-21,5565.899902,5606.600098,5565.899902,5588.700195,5588.700195,907628600.0
2016-07-22,5589.0,5589.100098,5555.100098,5574.299805,5574.299805,658949200.0
2016-07-25,5574.299805,5623.100098,5574.299805,5607.5,5607.5,622182300.0
2016-07-26,5604.5,5612.600098,5574.299805,5612.600098,5612.600098,730289000.0
2016-07-27,5612.600098,5639.799805,5606.299805,5615.0,5615.0,660203900.0
2016-07-28,5615.0,5643.0,5614.700195,5636.700195,5636.700195,739123300.0
2016-07-29,5636.700195,5650.799805,5618.899902,5644.0,5644.0,949094900.0
2016-08-01,5644.0,5691.799805,5644.0,5670.100098,5670.100098,615237800.0
2016-08-02,5670.100098,5673.299805,5621.200195,5622.100098,5622.100098,797619000.0
2016-08-03,5621.0,5621.0,5551.399902,5551.399902,5551.399902,800917900.0
2016-08-04,5551.399902,5593.899902,5551.399902,5563.399902,5563.399902,708102200.0
2016-08-05,5563.399902,5599.600098,5563.399902,5585.600098,5585.600098,624805800.0
2016-08-08,5585.600098,5635.0,5585.600098,5625.700195,5625.700195,623026500.0
2016-08-09,5625.700195,5638.700195,5622.399902,5636.700195,5636.700195,692857300.0
2016-08-10,5636.700195,5636.700195,5598.200195,5628.200195,5628.200195,730321300.0
2016-08-11,5628.200195,5628.200195,5575.700195,5599.399902,5599.399902,681049200.0
2016-08-12,5599.399902,5641.5,5599.399902,5626.299805,5626.299805,784363300.0
2016-08-15,5626.299805,5638.700195,5607.700195,5633.799805,5633.799805,617531500.0
2016-08-16,5633.799805,5642.299805,5624.200195,5625.700195,5625.700195,730617200.0
2016-08-17,5625.700195,5630.799805,5602.399902,5628.100098,5628.100098,777724100.0
2016-08-18,5628.100098,5639.600098,5596.299805,5607.299805,5607.299805,818886500.0
2016-08-19,5607.299805,5631.200195,5604.899902,5625.399902,5625.399902,745602000.0
2016-08-22,5625.399902,5634.600098,5606.200195,5612.299805,5612.299805,745905500.0
2016-08-23,5612.299805,5666.5,5612.299805,5647.100098,5647.100098,837467300.0
2016-08-24,5647.100098,5662.600098,5645.5,5653.600098,5653.600098,793636600.0
2016-08-25,5653.600098,5653.600098,5625.700195,5631.399902,5631.399902,866331500.0
2016-08-26,5631.399902,5633.5,5603.899902,5607.399902,5607.399902,782849200.0
2016-08-29,5607.399902,5608.5,5545.399902,5561.5,5561.5,746042200.0
2016-08-30,5561.5,5596.0,5561.5,5573.5,5573.5,827717500.0
2016-08-31,5573.5,5573.5,5510.200195,5529.399902,5529.399902,964801000.0
2016-09-01,5529.399902,5529.399902,5501.600098,5511.200195,5511.200195,780724200.0
2016-09-02,5511.200195,5516.100098,5460.899902,5470.600098,5470.600098,900674000.0
2016-09-05,5470.600098,5525.799805,5470.600098,5524.399902,5524.399902,711823800.0
2016-09-06,5524.399902,5525.200195,5501.399902,5510.399902,5510.399902,669325700.0
2016-09-07,5510.399902,5537.100098,5509.100098,5521.100098,5521.100098,945474000.0
2016-09-08,5521.100098,5521.100098,5457.600098,5484.600098,5484.600098,798503100.0
2016-09-09,5484.600098,5484.600098,5434.399902,5440.5,5440.5,808189800.0
2016-09-12,5440.5,5440.5,5315.0,5319.100098,5319.100098,846196000.0
2016-09-13,5319.100098,5375.0,5309.700195,5310.0,5310.0,855455400.0
2016-09-14,5310.0,5329.799805,5294.100098,5326.600098,5326.600098,951322400.0
2016-09-15,5326.600098,5339.200195,5303.399902,5337.100098,5337.100098,922323000.0
2016-09-16,5337.100098,5403.399902,5337.100098,5396.700195,5396.700195,1484629200.0
2016-09-19,5396.700195,5400.100098,5374.899902,5393.700195,5393.700195,187922800.0
2016-09-20,5393.700195,5406.700195,5372.899902,5397.299805,5397.299805,841809100.0
2016-09-21,5397.299805,5435.200195,5397.299805,5429.399902,5429.399902,794801100.0
2016-09-22,5429.399902,5482.700195,5429.399902,5466.299805,5466.299805,729218700.0
2016-09-23,5466.299805,5521.899902,5465.600098,5518.600098,5518.600098,921612100.0
2016-09-26,5518.600098,5523.399902,5496.399902,5519.100098,5519.100098,616514900.0
2016-09-27,5519.100098,5519.100098,5462.100098,5493.700195,5493.700195,770277500.0
2016-09-28,5493.700195,5521.0,5487.5,5500.200195,5500.200195,708347000.0
2016-09-29,5500.200195,5560.700195,5500.200195,5558.200195,5558.200195,773967700.0
2016-09-30,5558.200195,5558.200195,5506.799805,5525.200195,5525.200195,784103400.0
2016-10-02,5525.200195,5578.899902,5525.200195,5564.799805,5564.799805,402929600.0
2016-10-03,5564.799805,5569.899902,5535.299805,5569.899902,5569.899902,697402200.0
2016-10-04,5569.899902,5569.899902,5525.5,5537.0,5537.0,803770200.0
2016-10-05,5537.0,5567.600098,5537.0,5564.799805,5564.799805,752302200.0
2016-10-06,5564.799805,5573.899902,5539.5,5548.5,5548.5,772697100.0
2016-10-09,5548.5,5574.600098,5548.5,5555.5,5555.5,703684400.0
2016-10-10,5555.5,5578.899902,5555.5,5562.200195,5562.200195,734872400.0
2016-10-11,5562.200195,5562.200195,5516.600098,5555.200195,5555.200195,752297100.0
2016-10-12,5555.200195,5555.200195,5505.399902,5518.299805,5518.299805,762614900.0
2016-10-13,5518.299805,5531.5,5514.700195,5518.5,5518.5,605120300.0
2016-10-16,5518.5,5523.299805,5470.899902,5470.899902,5470.899902,722392400.0
2016-10-17,5470.899902,5498.700195,5468.700195,5492.0,5492.0,724246800.0
2016-10-18,5492.0,5521.100098,5492.0,5518.399902,5518.399902,726803400.0
2016-10-19,5518.399902,5540.200195,5517.100098,5526.200195,5526.200195,756514900.0
2016-10-20,5526.200195,5530.399902,5496.399902,5513.899902,5513.899902,708369700.0
2016-10-23,5513.899902,5514.0,5461.700195,5489.100098,5489.100098,678081300.0
2016-10-24,5489.100098,5534.899902,5488.5,5523.299805,5523.299805,678037400.0
2016-10-25,5523.299805,5523.299805,5424.799805,5442.100098,5442.100098,876065800.0
2016-10-26,5442.100098,5455.299805,5378.399902,5378.399902,5378.399902,831355100.0
2016-10-27,5378.399902,5394.899902,5347.299805,5370.899902,5370.899902,803733900.0
2016-10-30,5370.899902,5412.700195,5364.399902,5402.399902,5402.399902,705189300.0
2016-10-31,5402.399902,5402.399902,5357.899902,5375.200195,5375.200195,566486900.0
2016-11-01,5375.200195,5375.200195,5291.200195,5311.0,5311.0,842873200.0
2016-11-02,5311.0,5320.899902,5283.299805,5306.600098,5306.600098,793579000.0
2016-11-03,5306.600098,5306.600098,5260.899902,5263.100098,5263.100098,763762900.0
2016-11-06,5263.100098,5331.600098,5263.100098,5330.899902,5330.899902,672512000.0
2016-11-07,5330.899902,5364.600098,5330.0,5342.200195,5342.200195,784539000.0
2016-11-08,5342.200195,5394.299805,5138.899902,5238.299805,5238.299805,1261264300.0
2016-11-09,5238.299805,5408.899902,5238.299805,5408.899902,5408.899902,1077906400.0
2016-11-10,5408.899902,5446.600098,5408.899902,5446.600098,5446.600098,1069780700.0
2016-11-13,5446.600098,5446.600098,5391.799805,5420.299805,5420.299805,871352600.0
2016-11-14,5420.299805,5420.299805,5379.600098,5399.799805,5399.799805,872490200.0
2016-11-15,5399.799805,5419.200195,5392.299805,5399.600098,5399.600098,874564500.0
2016-11-16,5399.600098,5415.0,5358.600098,5408.899902,5408.899902,920151900.0
2016-11-17,5408.899902,5435.299805,5408.899902,5427.5,5427.5,815696400.0
2016-11-20,5427.5,5430.799805,5404.299805,5419.299805,5419.299805,665138800.0
2016-11-21,5419.299805,5491.399902,5419.299805,5480.600098,5480.600098,784593900.0
2016-11-22,5480.600098,5553.899902,5480.600098,5549.899902,5549.899902,791041200.0
2016-11-23,5549.899902,5568.299805,5537.200195,5549.0,5549.0,788950300.0
2016-11-24,5549.0,5583.5,5544.100098,5570.5,5570.5,914872200.0
2016-11-27,5570.5,5570.5,5532.600098,5532.600098,5532.600098,617935600.0
2016-11-28,5532.600098,5549.399902,5520.5,5520.5,5520.5,855079100.0
2016-11-29,5520.5,5520.5,5485.600098,5502.399902,5502.399902,1222486100.0
2016-11-30,5502.399902,5560.399902,5502.399902,5560.399902,5560.399902,1141787700.0
2016-12-01,5560.399902,5560.399902,5502.600098,5502.600098,5502.600098,889641100.0
2016-12-04,5502.600098,5502.600098,5443.5,5458.0,5458.0,755073400.0
2016-12-05,5458.0,5507.5,5458.0,5486.600098,5486.600098,832166500.0
2016-12-06,5486.600098,5535.399902,5486.600098,5535.399902,5535.399902,870806200.0
2016-12-07,5535.399902,5605.5,5535.399902,5599.0,5599.0,780947800.0
2016-12-08,5599.0,5620.600098,5595.600098,5615.799805,5615.799805,771998400.0
2016-12-11,5615.799805,5639.899902,5609.899902,5619.100098,5619.100098,832568600.0
2016-12-12,5619.100098,5629.600098,5599.600098,5600.700195,5600.700195,851314200.0
2016-12-13,5600.700195,5650.5,5600.700195,5639.700195,5639.700195,934095500.0
2016-12-14,5639.700195,5639.700195,5575.700195,5595.0,5595.0,1018780000.0
2016-12-15,5595.0,5606.0,5568.899902,5589.700195,5589.700195,1519075700.0
2016-12-18,5589.700195,5628.799805,5587.299805,5612.799805,5612.799805,754196800.0
2016-12-19,5612.799805,5655.0,5608.399902,5640.0,5640.0,807754200.0
2016-12-20,5640.0,5676.0,5640.0,5662.0,5662.0,734675900.0
2016-12-21,5662.0,5691.899902,5652.700195,5691.799805,5691.799805,602862200.0
2016-12-22,5691.799805,5697.100098,5667.299805,5675.100098,5675.100098,491671300.0
2016-12-27,5675.100098,5739.299805,5675.100098,5732.399902,5732.399902,480062600.0
2016-12-28,5732.399902,5746.700195,5709.0,5746.700195,5746.700195,433186100.0
2016-12-29,5746.700195,5746.700195,5718.299805,5719.100098,5719.100098,360120400.0
2017-01-02,5720.700195,5788.100098,5720.700195,5784.600098,5784.600098,498198500.0
2017-01-03,5784.600098,5792.899902,5781.200195,5788.200195,5788.200195,615850600.0
2017-01-04,5788.200195,5811.700195,5788.200195,5805.100098,5805.100098,573008400.0
2017-01-05,5805.100098,5818.399902,5801.399902,5809.0,5809.0,602420000.0
2017-01-08,5809.0,5876.799805,5808.200195,5857.700195,5857.700195,651872400.0
2017-01-09,5857.700195,5857.700195,5800.299805,5813.0,5813.0,762272900.0
2017-01-10,5813.0,5843.200195,5813.0,5823.700195,5823.700195,715034700.0
2017-01-11,5823.700195,5852.899902,5813.899902,5821.600098,5821.600098,684223300.0
2017-01-12,5821.600098,5824.899902,5766.200195,5776.799805,5776.799805,693221200.0
2017-01-15,5776.799805,5817.799805,5776.799805,5803.0,5803.0,584463100.0
2017-01-16,5803.0,5803.0,5751.200195,5754.700195,5754.700195,690046600.0
2017-01-17,5754.700195,5754.700195,5714.5,5733.700195,5733.700195,654187900.0
2017-01-18,5733.700195,5771.899902,5730.899902,5745.399902,5745.399902,694358900.0
2017-01-19,5745.399902,5745.399902,5702.200195,5709.700195,5709.700195,678151900.0
2017-01-22,5709.700195,5741.299805,5661.799805,5668.0,5668.0,659898600.0
2017-01-23,5668.0,5709.399902,5668.0,5706.299805,5706.299805,826162200.0
2017-01-24,5706.299805,5744.5,5706.299805,5726.0,5726.0,874397100.0
2017-01-26,5726.0,5765.600098,5723.299805,5765.600098,5765.600098,692842300.0
2017-01-29,5765.600098,5765.600098,5697.700195,5714.299805,5714.299805,613931700.0
2017-01-30,5714.299805,5714.299805,5661.200195,5675.0,5675.0,793258500.0
2017-01-31,5675.0,5704.0,5665.899902,5704.0,5704.0,805487900.0
2017-02-01,5704.0,5720.899902,5682.299805,5696.399902,5696.399902,876164900.0
2017-02-02,5696.399902,5713.700195,5668.899902,5672.5,5672.5,763083800.0
2017-02-05,5672.5,5708.600098,5659.200195,5665.399902,5665.399902,678764500.0
2017-02-06,5665.399902,5672.600098,5635.100098,5672.600098,5672.600098,911053300.0
2017-02-07,5672.600098,5707.5,5671.100098,5703.399902,5703.399902,781381000.0
2017-02-08,5703.399902,5723.200195,5690.0,5717.700195,5717.700195,786687800.0
2017-02-09,5717.700195,5772.700195,5717.700195,5771.600098,5771.600098,786237200.0
2017-02-12,5771.600098,5815.799805,5771.600098,5812.899902,5812.899902,844377000.0
2017-02-13,5812.899902,5846.799805,5810.200195,5810.899902,5810.899902,806237200.0
2017-02-14,5810.899902,5867.200195,5810.899902,5859.100098,5859.100098,834557300.0
2017-02-15,5859.100098,5880.899902,5839.799805,5863.0,5863.0,1045221900.0
2017-02-16,5863.0,5866.299805,5845.700195,5851.0,5851.0,858927300.0
2017-02-19,5851.0,5857.100098,5826.399902,5840.5,5840.5,756498100.0
2017-02-20,5840.5,5840.700195,5821.0,5835.399902,5835.399902,864834800.0
2017-02-21,5835.399902,5850.100098,5826.700195,5850.100098,5850.100098,928545700.0
2017-02-22,5850.100098,5850.100098,5812.899902,5832.5,5832.5,928522300.0
2017-02-23,5832.5,5832.5,5778.799805,5786.899902,5786.899902,1055255300.0
2017-02-26,5786.899902,5792.299805,5760.200195,5773.799805,5773.799805,899405500.0
2017-02-27,5773.799805,5801.399902,5761.0,5761.0,5761.0,1178963800.0
2017-02-28,5761.0,5761.0,5724.100098,5750.899902,5750.899902,1059928000.0
2017-03-01,5750.899902,5820.700195,5750.899902,5820.700195,5820.700195,1059840400.0
2017-03-02,5820.700195,5820.700195,5757.200195,5775.399902,5775.399902,771604000.0
2017-03-05,5775.399902,5789.0,5760.399902,5788.5,5788.5,712683600.0
2017-03-06,5788.5,5814.5,5761.799805,5801.899902,5801.899902,871701900.0
2017-03-07,5801.899902,5801.899902,5780.399902,5799.5,5799.5,927689900.0
2017-03-08,5799.5,5799.5,5768.899902,5780.5,5780.5,729630600.0
2017-03-09,5780.5,5817.0,5780.5,5811.200195,5811.200195,773648100.0
2017-03-12,5811.200195,5811.200195,5782.799805,5794.600098,5794.600098,716132700.0
2017-03-13,5794.600098,5820.399902,5784.399902,5798.100098,5798.100098,793339700.0
2017-03-14,5798.100098,5813.899902,5769.5,5813.700195,5813.700195,778510900.0
2017-03-15,5813.700195,5840.600098,5808.200195,5827.5,5827.5,1154927500.0
2017-03-16,5827.5,5855.100098,5820.600098,5840.799805,5840.799805,1311169700.0
2017-03-19,5840.799805,5840.799805,5807.299805,5820.5,5820.5,654209700.0
2017-03-20,5820.5,5823.700195,5805.399902,5819.5,5819.5,1037251900.0
2017-03-21,5819.5,5819.5,5728.799805,5732.0,5732.0,901360600.0
2017-03-22,5732.0,5754.0,5732.0,5754.0,5754.0,894225000.0
2017-03-23,5754.0,5810.299805,5752.700195,5796.100098,5796.100098,763369800.0
2017-03-26,5796.100098,5796.100098,5744.5,5789.200195,5789.200195,773473200.0
2017-03-27,5789.200195,5860.399902,5789.200195,5860.399902,5860.399902,900456600.0
2017-03-28,5860.399902,5912.899902,5860.399902,5910.700195,5910.700195,916467300.0
2017-03-29,5910.700195,5934.899902,5910.700195,5931.799805,5931.799805,843104700.0
2017-03-30,5931.799805,5937.200195,5903.799805,5903.799805,5903.799805,846958700.0
2017-04-03,5903.799805,5910.799805,5881.399902,5909.700195,5909.700195,671248700.0
2017-04-04,5909.700195,5910.899902,5888.700195,5895.799805,5895.799805,736386200.0
2017-04-05,5895.799805,5919.5,5887.0,5915.899902,5915.899902,795495600.0
2017-04-06,5915.899902,5915.899902,5875.700195,5897.299805,5897.299805,754029700.0
2017-04-07,5897.299805,5928.299805,5879.899902,5902.600098,5902.600098,940549200.0
2017-04-10,5902.600098,5948.899902,5902.600098,5948.899902,5948.899902,765735000.0
2017-04-11,5948.899902,5983.200195,5935.399902,5964.600098,5964.600098,788884600.0
2017-04-12,5964.600098,5978.899902,5950.399902,5968.899902,5968.899902,1133380700.0
2017-04-13,5968.899902,5968.899902,5917.299805,5925.899902,5925.899902,1024647300.0
2017-04-18,5925.899902,5925.899902,5855.0,5868.700195,5868.700195,0.0
2017-04-19,5868.700195,5868.700195,5826.700195,5839.899902,5839.899902,1091716400.0
2017-04-20,5839.899902,5859.200195,5837.299805,5854.399902,5854.399902,999598000.0
2017-04-21,5854.399902,5899.799805,5854.399902,5885.600098,5885.600098,865188400.0
2017-04-24,5885.600098,5922.799805,5885.100098,5900.700195,5900.700195,646724500.0
2017-04-26,5900.700195,5949.100098,5900.700195,5936.799805,5936.799805,991956300.0
2017-04-27,5936.799805,5947.299805,5931.100098,5944.399902,5944.399902,817750200.0
2017-04-28,5944.399902,5947.600098,5919.899902,5947.600098,5947.600098,891135800.0
2017-05-01,5947.600098,5976.399902,5940.200195,5976.399902,5976.399902,840011500.0
2017-05-02,5976.399902,5976.399902,5941.5,5971.399902,5971.399902,947667200.0
2017-05-03,5971.399902,5971.5,5910.0,5919.899902,5919.899902,991223800.0
2017-05-04,5919.899902,5920.299805,5885.399902,5904.5,5904.5,907184800.0
2017-05-05,5904.5,5912.100098,5855.0,5863.799805,5863.799805,985224500.0
2017-05-08,5863.799805,5912.0,5863.799805,5897.799805,5897.799805,1030702500.0
2017-05-09,5897.799805,5897.799805,5862.700195,5874.5,5874.5,871792300.0
2017-05-10,5874.5,5921.700195,5854.899902,5911.100098,5911.100098,907290800.0
2017-05-11,5911.100098,5953.600098,5907.299805,5912.0,5912.0,840520000.0
2017-05-12,5912.0,5912.0,5852.5,5870.899902,5870.899902,775675100.0
2017-05-15,5870.899902,5878.200195,5841.600098,5868.399902,5868.399902,715764300.0
2017-05-16,5868.399902,5901.399902,5867.799805,5882.200195,5882.200195,813564800.0
2017-05-17,5882.200195,5882.200195,5819.399902,5821.200195,5821.200195,967165900.0
2017-05-18,5821.200195,5821.200195,5736.399902,5775.5,5775.5,1054866500.0
2017-05-19,5775.5,5777.399902,5747.600098,5768.899902,5768.899902,696270400.0
2017-05-22,5768.899902,5817.5,5768.899902,5811.200195,5811.200195,812677500.0
2017-05-23,5811.200195,5835.200195,5796.700195,5802.799805,5802.799805,773780300.0
2017-05-24,5802.799805,5817.100098,5796.799805,5811.600098,5811.600098,858197700.0
2017-05-25,5811.5,5829.700195,5792.600098,5828.799805,5828.799805,822406400.0
2017-05-26,5828.799805,5828.799805,5778.799805,5792.100098,5792.100098,737873500.0
2017-05-29,5791.600098,5796.899902,5747.700195,5747.700195,5747.700195,635135200.0
2017-05-30,5747.600098,5763.899902,5720.5,5756.0,5756.0,633908700.0
2017-05-31,5756.0,5775.5,5747.299805,5761.299805,5761.299805,1142099000.0
2017-06-01,5761.299805,5773.5,5746.899902,5772.5,5772.5,819002800.0
2017-06-02,5772.5,5825.899902,5772.5,5821.100098,5821.100098,750239300.0
2017-06-05,5821.200195,5821.200195,5775.100098,5792.100098,5792.100098,760734400.0
2017-06-06,5792.100098,5792.100098,5708.100098,5708.100098,5708.100098,826985500.0
2017-06-07,5708.100098,5721.799805,5685.100098,5707.799805,5707.799805,884763200.0
2017-06-08,5707.799805,5716.600098,5670.700195,5714.799805,5714.799805,781440700.0
2017-06-09,5714.799805,5728.399902,5688.5,5715.5,5715.5,753857600.0
2017-06-13,5715.5,5801.799805,5715.5,5801.799805,5801.799805,926763800.0
2017-06-14,5801.799805,5863.799805,5801.799805,5862.200195,5862.200195,1054592900.0
2017-06-15,5862.200195,5862.200195,5785.799805,5796.700195,5796.700195,1535082400.0
2017-06-16,5794.5,5825.899902,5794.5,5808.0,5808.0,1522930100.0
2017-06-19,5808.0,5837.700195,5803.899902,5835.5,5835.5,668501100.0
2017-06-20,5835.5,5840.200195,5792.299805,5792.299805,5792.299805,815825700.0
2017-06-21,5792.299805,5792.299805,5703.200195,5703.200195,5703.200195,856742000.0
2017-06-22,5703.200195,5758.5,5703.200195,5742.299805,5742.299805,765941500.0
2017-06-23,5742.299805,5759.899902,5732.0,5754.600098,5754.600098,732307600.0
2017-06-26,5754.600098,5786.200195,5750.399902,5758.399902,5758.399902,803725500.0
2017-06-27,5758.399902,5759.399902,5724.899902,5752.5,5752.5,924262700.0
2017-06-28,5752.5,5797.399902,5743.399902,5796.100098,5796.100098,854671500.0
2017-06-29,5796.100098,5857.100098,5796.100098,5855.899902,5855.899902,1022339000.0
2017-06-30,5855.899902,5855.899902,5760.100098,5764.0,5764.0,1102075700.0
2017-07-03,5764.0,5772.5,5726.5,5727.5,5727.5,718015100.0
2017-07-04,5727.5,5828.0,5727.5,5819.600098,5819.600098,835941400.0
2017-07-05,5819.600098,5827.0,5793.399902,5801.0,5801.0,676149800.0
2017-07-06,5801.0,5808.799805,5780.100098,5797.5,5797.5,1062407900.0
2017-07-07,5797.5,5797.5,5717.299805,5743.899902,5743.899902,780273600.0
2017-07-10,5743.899902,5786.0,5743.899902,5762.899902,5762.899902,717788600.0
2017-07-11,5762.899902,5783.299805,5741.899902,5768.5,5768.5,747661800.0
2017-07-12,5768.5,5769.700195,5710.100098,5717.700195,5717.700195,817581600.0
2017-07-13,5717.700195,5784.200195,5717.700195,5779.100098,5779.100098,743234400.0
2017-07-14,5779.100098,5820.799805,5779.100098,5808.700195,5808.700195,813854300.0
2017-07-17,5808.700195,5818.5,5782.5,5800.799805,5800.799805,645521200.0
2017-07-18,5800.799805,5807.700195,5729.899902,5738.200195,5738.200195,870303800.0
2017-07-19,5738.100098,5790.5,5738.100098,5779.399902,5779.399902,756262200.0
2017-07-20,5779.399902,5814.700195,5779.399902,5805.700195,5805.700195,878725700.0
2017-07-21,5805.700195,5805.700195,5757.399902,5771.200195,5771.200195,746194700.0
2017-07-24,5771.200195,5771.200195,5705.600098,5738.0,5738.0,721561400.0
2017-07-25,5738.0,5790.799805,5738.0,5775.299805,5775.299805,734623000.0
2017-07-26,5775.299805,5833.899902,5775.299805,5823.299805,5823.299805,760795700.0
2017-07-27,5823.299805,5846.200195,5823.299805,5832.200195,5832.200195,718430200.0
2017-07-28,5832.200195,5832.200195,5746.200195,5755.200195,5755.200195,808598700.0
2017-07-31,5755.200195,5796.0,5755.200195,5773.899902,5773.899902,943617600.0
2017-08-01,5773.899902,5823.299805,5773.899902,5820.600098,5820.600098,1087953000.0
2017-08-02,5820.600098,5827.600098,5789.899902,5794.5,5794.5,812538500.0
2017-08-03,5794.5,5794.799805,5758.799805,5786.799805,5786.799805,785788900.0
2017-08-04,5786.799805,5791.5,5764.299805,5773.299805,5773.299805,727007300.0
2017-08-07,5773.299805,5831.399902,5773.299805,5824.5,5824.5,720446900.0
2017-08-08,5824.5,5842.0,5775.399902,5795.700195,5795.700195,791759700.0
2017-08-09,5795.700195,5826.799805,5794.899902,5816.399902,5816.399902,922983200.0
2017-08-10,5816.399902,5843.399902,5798.5,5810.600098,5810.600098,910037500.0
2017-08-11,5810.600098,5810.600098,5725.799805,5743.5,5743.5,927590400.0
2017-08-14,5743.5,5783.299805,5743.5,5778.600098,5778.600098,635913100.0
2017-08-15,5778.600098,5821.799805,5778.600098,5804.0,5804.0,756020100.0
2017-08-16,5804.0,5830.799805,5778.600098,5830.799805,5830.799805,772157000.0
2017-08-17,5830.799805,5852.700195,5815.100098,5827.200195,5827.200195,1096337700.0
2017-08-18,5827.200195,5827.200195,5762.700195,5798.5,5798.5,932013800.0
2017-08-21,5798.5,5798.5,5754.5,5780.0,5780.0,739322800.0
2017-08-22,5780.0,5805.200195,5780.0,5804.799805,5804.799805,938298800.0
2017-08-23,5804.799805,5834.299805,5779.700195,5792.700195,5792.700195,948138300.0
2017-08-24,5792.700195,5809.399902,5774.100098,5801.700195,5801.700195,898707300.0
2017-08-25,5801.700195,5809.700195,5780.0,5803.399902,5803.399902,953253700.0
2017-08-28,5803.399902,5806.100098,5761.899902,5771.200195,5771.200195,749252700.0
2017-08-29,5771.0,5771.0,5711.700195,5733.600098,5733.600098,959681600.0
2017-08-30,5733.600098,5753.299805,5720.700195,5733.799805,5733.799805,795386100.0
2017-08-31,5733.799805,5776.299805,5733.799805,5776.299805,5776.299805,1133802800.0
2017-09-01,5776.299805,5795.899902,5764.700195,5786.100098,5786.100098,839408300.0
2017-09-04,5786.100098,5786.100098,5753.200195,5763.799805,5763.799805,786808000.0
2017-09-05,5763.799805,5767.799805,5730.0,5767.799805,5767.799805,647305100.0
2017-09-06,5767.799805,5767.799805,5726.700195,5752.899902,5752.899902,874977900.0
2017-09-07,5752.899902,5780.0,5743.899902,5753.799805,5753.799805,820586600.0
2017-09-08,5753.799805,5758.899902,5729.299805,5739.399902,5739.399902,915513400.0
2017-09-11,5739.600098,5784.600098,5737.0,5779.0,5779.0,0.0
2017-09-12,5775.100098,5823.399902,5775.100098,5806.399902,5806.399902,860749200.0
2017-09-13,5806.399902,5835.700195,5804.0,5804.0,5804.0,778804200.0
2017-09-14,5804.0,5808.799805,5788.0,5798.399902,5798.399902,719327500.0
2017-09-15,5798.399902,5798.399902,5748.100098,5755.799805,5755.799805,1205589500.0
2017-09-18,5755.799805,5789.899902,5755.799805,5779.0,5779.0,636978500.0
2017-09-19,5779.0,5800.0,5772.399902,5772.399902,5772.399902,789210500.0
2017-09-20,5772.399902,5772.399902,5742.600098,5769.700195,5769.700195,770656900.0
2017-09-21,5769.700195,5769.700195,5702.200195,5716.700195,5716.700195,941612300.0
2017-09-22,5716.700195,5746.200195,5716.700195,5740.600098,5740.600098,663120300.0
2017-09-25,5740.600098,5767.100098,5737.399902,5741.700195,5741.700195,611902500.0
2017-09-26,5741.700195,5756.799805,5724.899902,5729.600098,5729.600098,723914400.0
2017-09-27,5729.600098,5731.299805,5709.700195,5725.5,5725.5,714823300.0
2017-09-28,5725.5,5745.700195,5725.5,5731.5,5731.5,739769400.0
2017-09-29,5731.5,5749.799805,5715.399902,5744.899902,5744.899902,754721400.0
2017-10-01,5744.899902,5811.5,5744.899902,5791.299805,5791.299805,480282900.0
2017-10-02,5791.299805,5799.600098,5756.100098,5764.200195,5764.200195,629630500.0
2017-10-03,5764.200195,5765.700195,5717.700195,5719.600098,5719.600098,659674200.0
2017-10-04,5719.600098,5739.700195,5718.899902,5720.299805,5720.299805,652797000.0
2017-10-05,5720.299805,5777.399902,5720.299805,5777.399902,5777.399902,705105700.0
2017-10-08,5777.600098,5824.399902,5777.600098,5805.100098,5805.100098,839261000.0
2017-10-09,5805.100098,5818.600098,5788.799805,5807.100098,5807.100098,733051100.0
2017-10-10,5807.100098,5846.600098,5807.100098,5840.799805,5840.799805,749501700.0
2017-10-11,5840.799805,5864.100098,5834.299805,5864.100098,5864.100098,677803300.0
2017-10-12,5864.100098,5894.299805,5862.399902,5884.700195,5884.700195,665910800.0
2017-10-15,5884.700195,5924.899902,5884.700195,5917.200195,5917.200195,707726800.0
2017-10-16,5917.200195,5963.700195,5917.200195,5958.100098,5958.100098,768135300.0
2017-10-17,5958.100098,5969.5,5954.799805,5954.799805,5954.799805,910546000.0
2017-10-18,5954.799805,5973.200195,5949.100098,5959.799805,5959.799805,987567700.0
2017-10-19,5959.799805,5985.700195,5932.600098,5968.600098,5968.600098,698628600.0
2017-10-22,5968.600098,5987.299805,5955.5,5957.200195,5957.200195,697536500.0
2017-10-23,5957.200195,5972.299805,5949.799805,5962.5,5962.5,697185100.0
2017-10-24,5962.5,5983.899902,5961.700195,5972.700195,5972.700195,802497500.0
2017-10-25,5972.700195,5982.5,5952.600098,5982.5,5982.5,759808200.0
2017-10-26,5982.5,6003.200195,5928.200195,5969.299805,5969.299805,839422300.0
2017-10-29,5969.700195,5991.5,5969.700195,5983.700195,5983.700195,758379100.0
2017-10-30,5983.700195,5998.600098,5974.899902,5976.399902,5976.399902,801991600.0
2017-10-31,5976.399902,6019.299805,5976.399902,6005.5,6005.5,975804500.0
2017-11-01,6005.5,6029.700195,6000.700195,6002.200195,6002.200195,802904300.0
2017-11-02,6002.200195,6037.899902,6002.200195,6030.299805,6030.299805,708786400.0
2017-11-05,6030.299805,6038.0,6020.700195,6027.200195,6027.200195,661028100.0
2017-11-06,6027.200195,6090.100098,6027.200195,6087.399902,6087.399902,736384600.0
2017-11-07,6087.399902,6095.200195,6068.799805,6089.100098,6089.100098,720952100.0
2017-11-08,6089.100098,6124.700195,6089.100098,6122.399902,6122.399902,834844000.0
2017-11-09,6122.399902,6122.399902,6095.899902,6104.299805,6104.299805,743023900.0
2017-11-12,6104.299805,6105.0,6088.0,6097.200195,6097.200195,632902200.0
2017-11-13,6097.200195,6097.200195,6037.299805,6048.700195,6048.700195,830517400.0
2017-11-14,6048.700195,6048.700195,6012.299805,6012.299805,6012.299805,878441900.0
2017-11-15,6012.299805,6033.0,5994.399902,6023.5,6023.5,770039000.0
2017-11-16,6023.5,6058.5,6023.5,6038.299805,6038.299805,623007500.0
2017-11-19,6038.299805,6038.299805,6006.299805,6028.0,6028.0,629746000.0
2017-11-20,6028.0,6048.799805,6026.5,6044.200195,6044.200195,677167000.0
2017-11-21,6044.200195,6078.100098,6044.200195,6067.600098,6067.600098,803536500.0
2017-11-22,6067.600098,6072.600098,6053.0,6067.5,6067.5,912207100.0
2017-11-23,6067.600098,6067.600098,6034.5,6063.100098,6063.100098,570210200.0
2017-11-26,6063.100098,6089.899902,6060.299805,6070.399902,6070.399902,615614600.0
2017-11-27,6070.399902,6085.899902,6058.799805,6066.700195,6066.700195,1028411900.0
2017-11-28,6066.700195,6113.700195,6066.700195,6096.100098,6096.100098,762102100.0
2017-11-29,6096.100098,6096.100098,6039.200195,6057.200195,6057.200195,1109261900.0
2017-11-30,6057.200195,6095.899902,6057.200195,6075.5,6075.5,623042000.0
2017-12-03,6075.5,6087.100098,6065.299805,6070.600098,6070.600098,772715600.0
2017-12-04,6070.600098,6070.600098,6036.600098,6057.299805,6057.299805,851113800.0
2017-12-05,6057.299805,6057.299805,6023.5,6029.899902,6029.899902,822951300.0
2017-12-06,6029.899902,6069.0,6028.399902,6060.799805,6060.799805,771693600.0
2017-12-07,6060.799805,6092.299805,6060.799805,6077.399902,6077.399902,691377300.0
2017-12-10,6077.399902,6096.899902,6074.600098,6081.899902,6081.899902,686437900.0
2017-12-11,6081.899902,6098.299805,6081.100098,6093.100098,6093.100098,782177200.0
2017-12-12,6093.100098,6106.200195,6085.399902,6103.100098,6103.100098,885415400.0
2017-12-13,6103.100098,6125.299805,6096.399902,6096.399902,6096.399902,816314600.0
2017-12-14,6096.399902,6096.399902,6077.700195,6087.100098,6087.100098,1230429700.0
2017-12-17,6087.100098,6130.5,6087.100098,6130.0,6130.0,785901700.0
2017-12-18,6130.0,6170.799805,6130.0,6163.200195,6163.200195,1058139400.0
2017-12-19,6163.200195,6174.0,6148.799805,6167.899902,6167.899902,898244100.0
2017-12-20,6167.899902,6173.799805,6148.5,6156.299805,6156.299805,1045266200.0
2017-12-21,6156.299805,6181.600098,6156.299805,6167.299805,6167.299805,702547700.0
2017-12-26,6167.299805,6190.600098,6167.299805,6169.700195,6169.700195,541076700.0
2017-12-27,6169.700195,6189.399902,6163.0,6189.399902,6189.399902,592493500.0
2017-12-28,6189.399902,6193.0,6155.0,6167.299805,6167.299805,649264800.0
2018-01-01,6167.299805,6177.399902,6141.399902,6166.0,6166.0,655733700.0
2018-01-02,6166.0,6186.399902,6166.0,6175.299805,6175.299805,915028700.0
2018-01-03,6175.299805,6206.600098,6175.299805,6185.399902,6185.399902,722438600.0
2018-01-04,6185.399902,6232.100098,6185.399902,6229.700195,6229.700195,899363000.0
2018-01-07,6229.700195,6251.100098,6229.700195,6236.5,6236.5,596313600.0
2018-01-08,6236.5,6254.100098,6236.5,6241.5,6241.5,829384000.0
2018-01-09,6241.5,6256.5,6205.200195,6205.899902,6205.899902,795037200.0
2018-01-10,6205.899902,6206.299805,6163.899902,6176.200195,6176.200195,674137600.0
2018-01-11,6176.200195,6192.600098,6176.200195,6176.799805,6176.799805,820251100.0
2018-01-14,6176.799805,6210.399902,6176.799805,6187.700195,6187.700195,761793100.0
2018-01-15,6187.700195,6189.200195,6156.100098,6165.899902,6165.899902,684812100.0
2018-01-16,6165.899902,6165.899902,6131.0,6134.299805,6134.299805,747031600.0
2018-01-17,6134.299805,6153.399902,6130.399902,6130.399902,6130.399902,785274800.0
2018-01-18,6130.399902,6143.600098,6117.100098,6119.299805,6119.299805,768932100.0
2018-01-21,6119.299805,6130.899902,6106.200195,6106.200195,6106.200195,619410600.0
2018-01-22,6106.200195,6154.799805,6106.200195,6150.700195,6150.700195,673002000.0
2018-01-23,6150.700195,6178.899902,6150.100098,6168.799805,6168.799805,703057000.0
2018-01-24,6168.799805,6170.299805,6144.700195,6164.700195,6164.700195,731573000.0
2018-01-28,6164.700195,6200.600098,6164.700195,6187.600098,6187.600098,1022351600.0
2018-01-29,6187.600098,6187.600098,6130.799805,6135.299805,6135.299805,768204700.0
2018-01-30,6135.299805,6151.799805,6103.899902,6146.5,6146.5,979382900.0
2018-01-31,6146.5,6201.700195,6146.5,6198.799805,6198.799805,915146800.0
2018-02-01,6198.799805,6229.799805,6186.899902,6229.799805,6229.799805,711610700.0
2018-02-04,6229.799805,6229.799805,6117.200195,6128.399902,6128.399902,959583200.0
2018-02-05,6128.399902,6128.399902,5893.799805,5930.200195,5930.200195,1249153700.0
2018-02-06,5930.200195,6039.899902,5930.200195,5981.5,5981.5,1007323200.0
2018-02-07,5981.5,5998.399902,5946.5,5995.200195,5995.200195,813200100.0
2018-02-08,5995.200195,5995.200195,5887.299805,5937.5,5937.5,867699100.0
2018-02-11,5937.5,5939.100098,5893.100098,5919.700195,5919.700195,728159200.0
2018-02-12,5919.700195,5962.100098,5916.700195,5957.0,5957.0,775392200.0
2018-02-13,5957.0,5968.0,5931.299805,5940.0,5940.0,707420100.0
2018-02-14,5940.0,6012.299805,5940.0,6008.700195,6008.700195,859222700.0
2018-02-15,6008.700195,6037.5,6004.299805,6004.799805,6004.799805,745319600.0
2018-02-18,6005.100098,6052.100098,5992.899902,6044.0,6044.0,700634300.0
2018-02-19,6044.0,6047.0,6019.0,6045.600098,6045.600098,772278200.0
2018-02-20,6045.600098,6059.100098,6026.899902,6047.299805,6047.299805,768469200.0
2018-02-21,6047.299805,6076.0,6036.899902,6057.700195,6057.700195,908923900.0
2018-02-22,6057.700195,6108.100098,6057.700195,6105.200195,6105.200195,926859700.0
2018-02-25,6105.200195,6146.100098,6105.200195,6146.100098,6146.100098,838647900.0
2018-02-26,6146.100098,6184.600098,6146.100098,6159.299805,6159.299805,1078674700.0
2018-02-27,6159.299805,6159.299805,6114.399902,6117.299805,6117.299805,1056646900.0
2018-02-28,6117.299805,6117.299805,6061.200195,6075.700195,6075.700195,828455600.0
2018-03-01,6075.700195,6075.700195,6004.200195,6028.399902,6028.399902,793000200.0
2018-03-04,6028.399902,6028.399902,5988.100098,5996.399902,5996.399902,686425200.0
2018-03-05,5996.399902,6077.399902,5996.399902,6061.5,6061.5,799068700.0
2018-03-06,6061.5,6061.5,5998.200195,6005.399902,6005.399902,800440400.0
2018-03-07,6005.399902,6046.600098,6000.100098,6046.600098,6046.600098,1143533900.0
2018-03-08,6046.600098,6082.200195,6046.100098,6069.100098,6069.100098,1007215800.0
2018-03-11,6076.399902,6130.700195,6076.399902,6101.399902,6101.399902,726784000.0
2018-03-12,6101.399902,6101.399902,6055.100098,6077.100098,6077.100098,803135200.0
2018-03-13,6077.100098,6077.100098,6027.399902,6042.600098,6042.600098,934471900.0
2018-03-14,6042.600098,6042.600098,6013.5,6027.600098,6027.600098,996189600.0
2018-03-15,6027.600098,6058.799805,6027.600098,6054.899902,6054.899902,1434783400.0
2018-03-18,6054.899902,6086.100098,6040.200195,6064.700195,6064.700195,665393800.0
2018-03-19,6064.700195,6064.700195,6020.700195,6040.799805,6040.799805,705680400.0
2018-03-20,6040.799805,6066.299805,6039.700195,6053.100098,6053.100098,828262900.0
2018-03-21,6053.100098,6060.600098,6014.899902,6043.200195,6043.200195,769674800.0
2018-03-22,6043.200195,6043.200195,5916.899902,5929.0,5929.0,839819900.0
2018-03-25,5929.0,5929.0,5881.0,5901.399902,5901.399902,711018000.0
2018-03-26,5901.399902,5948.299805,5901.399902,5943.700195,5943.700195,874229500.0
2018-03-27,5943.700195,5943.700195,5892.299805,5899.200195,5899.200195,794819600.0
2018-03-28,5899.200195,5912.399902,5861.899902,5868.899902,5868.899902,950131000.0
2018-04-03,5868.899902,5873.100098,5834.0,5859.100098,5859.100098,784069100.0
2018-04-04,5859.100098,5870.299805,5836.200195,5863.700195,5863.700195,797284400.0
2018-04-05,5863.700195,5905.299805,5863.700195,5888.0,5888.0,616981700.0
2018-04-06,5888.0,5897.200195,5860.799805,5886.899902,5886.899902,590627300.0
2018-04-09,5886.899902,5911.200195,5868.899902,5904.700195,5904.700195,882821500.0
2018-04-10,5904.700195,5951.799805,5883.700195,5951.799805,5951.799805,1283770700.0
2018-04-11,5951.799805,5958.200195,5922.399902,5925.799805,5925.799805,1027759500.0
2018-04-12,5925.799805,5932.200195,5898.100098,5911.399902,5911.399902,931988700.0
2018-04-13,5911.399902,5940.0,5911.399902,5924.700195,5924.700195,910540200.0
2018-04-16,5924.700195,5959.200195,5924.700195,5933.0,5933.0,827766600.0
2018-04-17,5933.0,5962.799805,5933.0,5934.299805,5934.299805,630529200.0
2018-04-18,5934.299805,5959.200195,5934.299805,5956.299805,5956.299805,706697000.0
2018-04-19,5956.299805,5996.299805,5956.299805,5976.399902,5976.399902,1198623400.0
2018-04-20,5976.399902,5979.899902,5957.899902,5964.399902,5964.399902,720445400.0
2018-04-23,5964.399902,5986.600098,5964.399902,5976.0,5976.0,674547500.0
2018-04-24,5976.0,6015.700195,5970.0,6009.399902,6009.399902,932775500.0
2018-04-26,6009.200195,6027.600098,5996.399902,6003.0,6003.0,983899700.0
2018-04-27,6003.0,6042.899902,6003.0,6042.899902,6042.899902,841907600.0
2018-04-30,6042.899902,6079.299805,6036.100098,6071.600098,6071.600098,852284800.0
2018-05-01,6071.600098,6107.5,6067.899902,6100.0,6100.0,956190200.0
2018-05-02,6100.0,6139.700195,6096.0,6136.700195,6136.700195,1161729100.0
2018-05-03,6136.700195,6197.899902,6136.700195,6187.0,6187.0,1165215700.0
2018-05-04,6187.0,6199.0,6154.799805,6155.399902,6155.399902,1375994400.0
2018-05-07,6155.399902,6201.299805,6155.399902,6175.600098,6175.600098,666953300.0
2018-05-08,6175.600098,6201.600098,6175.600098,6183.200195,6183.200195,922296100.0
2018-05-09,6183.200195,6208.700195,6175.5,6204.399902,6204.399902,815122800.0
2018-05-10,6204.399902,6240.799805,6204.399902,6215.899902,6215.899902,809863000.0
2018-05-11,6215.899902,6238.700195,6215.899902,6216.399902,6216.399902,744645700.0
2018-05-14,6216.399902,6235.0,6211.799805,6235.0,6235.0,789958800.0
2018-05-15,6235.0,6245.899902,6198.700195,6198.700195,6198.700195,811287000.0
2018-05-16,6198.700195,6228.299805,6195.600098,6208.100098,6208.100098,1040890600.0
2018-05-17,6208.100098,6220.5,6181.899902,6197.200195,6197.200195,798175500.0
2018-05-18,6197.200195,6212.700195,6183.399902,6190.899902,6190.899902,642146500.0
2018-05-21,6190.899902,6200.799805,6176.200195,6190.200195,6190.200195,675667800.0
2018-05-22,6190.200195,6190.200195,6138.299805,6149.899902,6149.899902,674175500.0
2018-05-23,6149.899902,6163.899902,6135.299805,6140.299805,6140.299805,773447800.0
2018-05-24,6140.299805,6147.899902,6120.799805,6144.100098,6144.100098,782816900.0
2018-05-25,6144.100098,6145.200195,6123.600098,6141.0,6141.0,866687700.0
2018-05-28,6141.0,6141.0,6103.799805,6113.600098,6113.600098,665813500.0
2018-05-29,6113.600098,6132.899902,6104.600098,6121.700195,6121.700195,753634700.0
2018-05-30,6121.700195,6121.700195,6072.600098,6093.799805,6093.799805,974972300.0
2018-05-31,6093.799805,6132.399902,6093.799805,6123.5,6123.5,1238942500.0
2018-06-01,6123.5,6123.5,6086.799805,6104.0,6104.0,879274600.0
2018-06-04,6104.0,6149.200195,6104.0,6138.600098,6138.600098,750661000.0
2018-06-05,6138.600098,6138.600098,6097.0,6108.5,6108.5,932237000.0
2018-06-06,6108.5,6138.299805,6108.5,6137.399902,6137.399902,995302600.0
2018-06-07,6137.399902,6181.799805,6137.399902,6169.399902,6169.399902,2866711200.0
2018-06-08,6169.399902,6172.799805,6153.200195,6156.799805,6156.799805,1920946100.0
2018-06-12,6156.799805,6173.899902,6153.799805,6164.799805,6164.799805,1617021300.0
2018-06-13,6164.799805,6164.799805,6121.5,6133.100098,6133.100098,939592800.0
2018-06-14,6133.100098,6144.700195,6118.799805,6129.600098,6129.600098,1117865600.0
2018-06-15,6129.600098,6211.200195,6129.600098,6205.299805,6205.299805,1487521300.0
2018-06-18,6205.299805,6222.399902,6195.600098,6212.799805,6212.799805,952869500.0
2018-06-19,6212.799805,6253.299805,6208.799805,6208.899902,6208.899902,937565600.0
2018-06-20,6208.899902,6274.600098,6208.899902,6274.600098,6274.600098,989495300.0
2018-06-21,6274.600098,6347.799805,6274.600098,6332.899902,6332.899902,1482337500.0
2018-06-22,6332.899902,6341.600098,6314.5,6322.100098,6322.100098,854836300.0
2018-06-25,6322.5,6347.5,6302.799805,6308.700195,6308.700195,846878100.0
2018-06-26,6308.700195,6308.700195,6259.299805,6292.100098,6292.100098,838508500.0
2018-06-27,6292.100098,6311.299805,6286.100098,6290.5,6290.5,833964100.0
2018-06-28,6290.5,6310.5,6273.399902,6305.799805,6305.799805,858838700.0
2018-06-29,6305.799805,6322.100098,6289.700195,6289.700195,6289.700195,945344200.0
2018-07-02,6289.700195,6315.5,6273.299805,6273.299805,6273.299805,700901700.0
2018-07-03,6273.299805,6310.0,6273.299805,6302.799805,6302.799805,725921400.0
2018-07-04,6302.799805,6306.0,6265.200195,6273.700195,6273.700195,760193600.0
2018-07-05,6273.700195,6306.0,6272.0,6302.899902,6302.899902,688269000.0
2018-07-06,6302.899902,6357.399902,6302.899902,6355.700195,6355.700195,734103000.0
2018-07-09,6355.700195,6383.299805,6355.700195,6366.399902,6366.399902,614960000.0
2018-07-10,6366.399902,6386.700195,6342.5,6342.799805,6342.799805,642544200.0
2018-07-11,6342.799805,6342.799805,6296.200195,6300.200195,6300.200195,650889900.0
2018-07-12,6300.200195,6360.399902,6295.100098,6349.799805,6349.799805,896670600.0
2018-07-13,6349.799805,6368.100098,6334.799805,6351.899902,6351.899902,623786400.0
2018-07-16,6351.200195,6358.700195,6320.899902,6326.700195,6326.700195,547729600.0
2018-07-17,6326.700195,6326.700195,6285.700195,6288.399902,6288.399902,681787000.0
2018-07-18,6288.399902,6340.700195,6288.399902,6329.100098,6329.100098,678114500.0
2018-07-19,6329.100098,6363.700195,6329.100098,6355.0,6355.0,714676200.0
2018-07-20,6355.0,6387.399902,6347.799805,6377.399902,6377.399902,646845400.0
2018-07-23,6377.399902,6377.399902,6319.100098,6320.100098,6320.100098,585870400.0
2018-07-24,6320.100098,6358.5,6320.100098,6355.200195,6355.200195,657821300.0
2018-07-25,6355.200195,6366.899902,6333.100098,6341.700195,6341.700195,750235200.0
2018-07-26,6341.700195,6345.100098,6310.5,6337.600098,6337.600098,846643300.0
2018-07-27,6337.600098,6394.299805,6337.600098,6391.5,6391.5,926499300.0
2018-07-30,6388.799805,6391.5,6352.600098,6368.799805,6368.799805,604176900.0
2018-07-31,6368.799805,6386.100098,6358.899902,6366.200195,6366.200195,761182900.0
2018-08-01,6366.200195,6379.299805,6357.799805,6362.100098,6362.100098,660391300.0
2018-08-02,6362.100098,6363.5,6327.700195,6327.700195,6327.700195,1012063300.0
2018-08-03,6327.700195,6358.899902,6323.0,6326.399902,6326.399902,981904900.0
2018-08-06,6326.399902,6372.700195,6326.399902,6359.0,6359.0,541106400.0
2018-08-07,6359.0,6359.0,6333.299805,6340.799805,6340.799805,796079000.0
2018-08-08,6340.799805,6365.5,6340.799805,6354.899902,6354.899902,791031500.0
2018-08-09,6354.899902,6398.200195,6346.899902,6383.600098,6383.600098,740454800.0
2018-08-10,6383.600098,6394.600098,6365.299805,6366.799805,6366.799805,599945300.0
2018-08-13,6366.600098,6368.100098,6330.399902,6341.299805,6341.299805,611949300.0
2018-08-14,6341.299805,6394.399902,6341.299805,6386.200195,6386.200195,740686000.0
2018-08-15,6386.200195,6415.700195,6363.299805,6415.700195,6415.700195,827103100.0
2018-08-16,6415.700195,6416.5,6369.799805,6412.600098,6412.600098,995114200.0
2018-08-17,6412.600098,6433.899902,6404.700195,6426.200195,6426.200195,790706800.0
2018-08-20,6425.799805,6447.299805,6425.799805,6435.100098,6435.100098,867087100.0
2018-08-21,6435.100098,6436.5,6375.0,6383.0,6383.0,701247000.0
